"map";"started_timestamp";"duration";"irl_duration";"game_id";"avg_elo";"num_players";"team_0_elo";"team_1_elo";"replay_enhanced";"leaderboard";"mirror";"patch";"raw_match_type";"game_type";"game_speed";"starting_age"
"arabia";"2024/04/08 18:37:50";"2879.8";"1694";"304706983";"1012,500000000000";"2";"1010,000000000000";"1015,000000000000";FALSE;"random_map";FALSE;"107882";"6";"random_map";"normal";"dark"
"fortress";"2024/04/09 18:51:49";"2323.9";"1367";"304917880";"952,000000000000";"2";"945,000000000000";"959,000000000000";FALSE;"random_map";FALSE;"107882";"6";"random_map";"normal";"dark"
"fortress";"2024/04/09 18:07:49";"2694.5";"1585";"304908984";"568,500000000000";"2";"565,000000000000";"572,000000000000";FALSE;"random_map";FALSE;"107882";"6";"random_map";"normal";"dark"
"four_lakes";"2024/04/09 17:24:58";"3876";"2280";"304900715";"518,000000000000";"2";"493,000000000000";"543,000000000000";FALSE;"random_map";FALSE;"107882";"6";"random_map";"normal";"dark"
"marketplace";"2024/04/09 18:05:48";"74.8";"44";"304908562";"548,500000000000";"2";"540,000000000000";"557,000000000000";FALSE;"random_map";FALSE;"107882";"6";"random_map";"normal";"dark"
"land_nomad";"2024/04/09 18:14:15";"3649.9";"2147";"304910165";"844,250000000000";"4";"837,000000000000";"851,500000000000";FALSE;"team_random_map";FALSE;"107882";"7";"random_map";"normal";"dark"
"megarandom";"2024/04/10 19:25:32";"1737.4";"1022";"305122864";"956,000000000000";"2";"946,000000000000";"966,000000000000";FALSE;"random_map";FALSE;"107882";"6";"random_map";"normal";"dark"
"megarandom";"2024/04/10 17:43:40";"1567.4";"922";"305103279";"929,000000000000";"2";"928,000000000000";"930,000000000000";FALSE;"random_map";FALSE;"107882";"6";"random_map";"normal";"dark"
"four_lakes";"2024/04/11 17:26:56";"2714.9";"1597";"305287083";"602,500000000000";"2";"649,000000000000";"556,000000000000";FALSE;"random_map";FALSE;"107882";"6";"random_map";"normal";"dark"
"four_lakes";"2024/04/11 17:55:34";"2051.9";"1207";"305292242";"573,500000000000";"2";"603,000000000000";"544,000000000000";FALSE;"random_map";FALSE;"107882";"6";"random_map";"normal";"dark"
"arabia";"2024/04/11 16:59:46";"3398.3";"1999";"305282034";"945,500000000000";"2";"931,000000000000";"960,000000000000";FALSE;"random_map";FALSE;"107882";"6";"random_map";"normal";"dark"
"arabia";"2024/04/13 18:43:34";"1856.4";"1092";"305775826";"1016,500000000000";"2";"1015,000000000000";"1018,000000000000";FALSE;"random_map";FALSE;"107882";"6";"random_map";"normal";"dark"
"megarandom";"2024/04/13 18:11:52";"1922.7";"1131";"305768436";"1017,500000000000";"2";"1015,000000000000";"1020,000000000000";FALSE;"random_map";FALSE;"107882";"6";"random_map";"normal";"dark"
"megarandom";"2024/04/13 18:08:50";"20.4";"12";"305767725";"1001,000000000000";"2";"999,000000000000";"1003,000000000000";FALSE;"random_map";FALSE;"107882";"6";"random_map";"normal";"dark"
"megarandom";"2024/04/13 18:33:42";"652.8";"384";"305773617";"1001,500000000000";"2";"999,000000000000";"1004,000000000000";FALSE;"random_map";FALSE;"107882";"6";"random_map";"normal";"dark"
"land_nomad";"2024/04/13 17:32:26";"3119.5";"1835";"305759409";"747,375000000000";"8";"746,000000000000";"748,750000000000";FALSE;"team_random_map";FALSE;"107882";"9";"random_map";"normal";"dark"
"marketplace";"2024/04/13 10:28:46";"2135.2";"1256";"305676038";"928,500000000000";"2";"916,000000000000";"941,000000000000";FALSE;"random_map";FALSE;"107882";"6";"random_map";"normal";"dark"
"team_islands";"2024/03/31 19:43:23";"3366";"1980";"302845261";"961,500000000000";"6";"981,333333333333";"941,666666666667";FALSE;"team_random_map";FALSE;"107882";"8";"random_map";"normal";"dark"
"megarandom";"2024/03/31 20:20:42";"8500";"5000";"302855174";"927,166666666667";"6";"926,666666666667";"927,666666666667";FALSE;"team_random_map";FALSE;"107882";"8";"random_map";"normal";"dark"
"megarandom";"2024/03/31 19:05:58";"3345.6";"1968";"302835866";"959,333333333333";"6";"957,333333333333";"961,333333333333";FALSE;"team_random_map";FALSE;"107882";"8";"random_map";"normal";"dark"
"arena";"2024/04/03 18:43:29";"2254.2";"1326";"303521007";"893,333333333333";"6";"883,000000000000";"903,666666666667";FALSE;"team_random_map";FALSE;"107882";"8";"random_map";"normal";"dark"
"arena";"2024/04/03 19:09:58";"156.4";"92";"303526629";"891,125000000000";"8";"895,000000000000";"887,250000000000";FALSE;"team_random_map";FALSE;"107882";"9";"random_map";"normal";"dark"
"land_nomad";"2024/04/04 15:58:43";"3694.1";"2173";"303708811";"878,750000000000";"4";"889,500000000000";"868,000000000000";FALSE;"team_random_map";FALSE;"107882";"7";"random_map";"normal";"dark"
"arena";"2024/04/04 10:58:14";"3830.1";"2253";"303660973";"857,166666666667";"6";"875,000000000000";"839,333333333333";FALSE;"team_random_map";FALSE;"107882";"8";"random_map";"normal";"dark"
"land_nomad";"2024/04/03 19:14:48";"4828";"2840";"303527789";"904,375000000000";"8";"899,000000000000";"909,750000000000";FALSE;"team_random_map";FALSE;"107882";"9";"random_map";"normal";"dark"
"haboob";"2024/03/24 19:51:22";"2179.4";"1282";"301147069";"1003,500000000000";"2";"999,000000000000";"1008,000000000000";FALSE;"random_map";FALSE;"107882";"6";"random_map";"normal";"dark"
"arabia";"2024/03/20 20:12:38";"1535.1";"903";"300149192";"987,000000000000";"2";"983,000000000000";"991,000000000000";FALSE;"random_map";FALSE;"107882";"6";"random_map";"normal";"dark"
"arena";"2024/03/10 07:12:37";"2531.3";"1489";"297717700";"1021,500000000000";"6";"1029,000000000000";"1014,000000000000";FALSE;"team_random_map";FALSE;"104954";"8";"random_map";"normal";"dark"
"oasis";"2024/03/10 11:11:19";"4350.3";"2559";"297751171";"1001,875000000000";"8";"1022,000000000000";"981,750000000000";FALSE;"team_random_map";FALSE;"104954";"9";"random_map";"normal";"dark"
"land_nomad";"2024/03/10 20:07:09";"3291.2";"1936";"297878918";"939,166666666667";"6";"944,333333333333";"934,000000000000";FALSE;"team_random_map";FALSE;"104954";"8";"random_map";"normal";"dark"
"oasis";"2024/03/10 19:36:04";"2745.5";"1615";"297869900";"960,166666666667";"6";"960,333333333333";"960,000000000000";FALSE;"team_random_map";FALSE;"104954";"8";"random_map";"normal";"dark"
"megarandom";"2024/03/10 20:43:33";"3813.1";"2243";"297889437";"932,166666666667";"6";"927,666666666667";"936,666666666667";FALSE;"team_random_map";FALSE;"104954";"8";"random_map";"normal";"dark"
"megarandom";"2024/03/15 20:23:39";"2414";"1420";"298954729";"953,333333333333";"6";"944,000000000000";"962,666666666667";FALSE;"team_random_map";FALSE;"107882";"8";"random_map";"normal";"dark"
"arabia";"2024/03/15 22:43:30";"1939.7";"1141";"298987415";"1005,500000000000";"2";"1013,000000000000";"998,000000000000";FALSE;"random_map";FALSE;"107882";"6";"random_map";"normal";"dark"
"nomad";"2024/03/15 21:46:40";"3383";"1990";"298974503";"980,333333333333";"6";"978,333333333333";"982,333333333333";FALSE;"team_random_map";FALSE;"107882";"8";"random_map";"normal";"dark"
"arabia";"2024/03/15 20:52:06";"4982.7";"2931";"298961640";"975,333333333333";"6";"989,666666666667";"961,000000000000";FALSE;"team_random_map";FALSE;"107882";"8";"random_map";"normal";"dark"
"nomad";"2024/03/16 06:48:41";"1567.4";"922";"299069567";"966,750000000000";"8";"970,750000000000";"962,750000000000";FALSE;"team_random_map";FALSE;"107882";"9";"random_map";"normal";"dark"
"arabia";"2024/03/04 19:04:54";"3061.7";"1801";"296458384";"929,666666666667";"6";"925,666666666667";"933,666666666667";FALSE;"team_random_map";FALSE;"104954";"8";"random_map";"normal";"dark"
"goldenpit";"2024/03/06 20:19:02";"3350.7";"1971";"296896106";"960,166666666667";"6";"970,666666666667";"949,666666666667";FALSE;"team_random_map";FALSE;"104954";"8";"random_map";"normal";"dark"
"megarandom";"2024/03/06 19:33:57";"4093.6";"2408";"296886135";"933,833333333333";"6";"933,666666666667";"934,000000000000";FALSE;"team_random_map";FALSE;"104954";"8";"random_map";"normal";"dark"
"arena";"2024/03/07 06:20:18";"3644.8";"2144";"296986545";"992,250000000000";"8";"998,250000000000";"986,250000000000";FALSE;"team_random_map";FALSE;"104954";"9";"random_map";"normal";"dark"
"goldenpit";"2024/03/07 17:08:32";"1514.7";"891";"297064770";"971,500000000000";"4";"977,500000000000";"965,500000000000";FALSE;"team_random_map";FALSE;"104954";"7";"random_map";"normal";"dark"
"oasis";"2024/03/07 19:14:15";"2665.6";"1568";"297087586";"1008,833333333333";"6";"1018,666666666667";"999,000000000000";FALSE;"team_random_map";FALSE;"104954";"8";"random_map";"normal";"dark"
"arena";"2024/03/07 18:15:22";"5016.7";"2951";"297076337";"976,500000000000";"4";"974,500000000000";"978,500000000000";FALSE;"team_random_map";FALSE;"104954";"7";"random_map";"normal";"dark"
"oasis";"2024/03/07 20:56:53";"4707.3";"2769";"297109929";"1019,166666666667";"6";"1023,666666666667";"1014,666666666667";FALSE;"team_random_map";FALSE;"104954";"8";"random_map";"normal";"dark"
"arabia";"2024/03/08 06:38:43";"3537.7";"2081";"297195520";"1025,666666666667";"6";"1023,000000000000";"1028,333333333333";FALSE;"team_random_map";FALSE;"104954";"8";"random_map";"normal";"dark"
"land_nomad";"2024/03/08 19:40:02";"2968.2";"1746";"297312392";"995,000000000000";"6";"1008,000000000000";"982,000000000000";FALSE;"team_random_map";FALSE;"104954";"8";"random_map";"normal";"dark"
"megarandom";"2024/03/08 18:18:01";"2696.2";"1586";"297295261";"1037,500000000000";"6";"1027,666666666667";"1047,333333333333";FALSE;"team_random_map";FALSE;"104954";"8";"random_map";"normal";"dark"
"nomad";"2024/03/08 21:02:18";"2864.5";"1685";"297331983";"1018,125000000000";"8";"1017,750000000000";"1018,500000000000";FALSE;"team_random_map";FALSE;"104954";"9";"random_map";"normal";"dark"
"arena";"2024/03/08 20:21:40";"3347.3";"1969";"297322125";"1011,375000000000";"8";"1012,750000000000";"1010,000000000000";FALSE;"team_random_map";FALSE;"104954";"9";"random_map";"normal";"dark"
"arena";"2024/03/08 16:28:11";"2470.1";"1453";"297273889";"1059,000000000000";"6";"1056,333333333333";"1061,666666666667";FALSE;"team_random_map";FALSE;"104954";"8";"random_map";"normal";"dark"
"shoals";"2024/02/27 19:42:45";"6471.9";"3807";"295122130";"925,833333333333";"6";"925,666666666667";"926,000000000000";FALSE;"team_random_map";FALSE;"104954";"8";"random_map";"normal";"dark"
"shoals";"2024/02/27 20:50:24";"3899.8";"2294";"295136077";"978,333333333333";"6";"1015,000000000000";"941,666666666667";FALSE;"team_random_map";FALSE;"104954";"8";"random_map";"normal";"dark"
"socotra";"2024/02/18 07:32:09";"889.1";"523";"292966809";"984,625000000000";"8";"970,750000000000";"998,500000000000";TRUE;"team_random_map";FALSE;"99311";"9";"random_map";"normal";"dark"
"michi";"2024/02/18 06:41:35";"3825";"2250";"292961007";"917,750000000000";"4";"905,000000000000";"930,500000000000";FALSE;"team_random_map";FALSE;"99311";"7";"random_map";"normal";"dark"
"michi";"2024/02/18 09:45:23";"3876";"2280";"292983133";"855,500000000000";"6";"845,333333333333";"865,666666666667";FALSE;"team_random_map";FALSE;"99311";"8";"random_map";"normal";"dark"
"socotra";"2024/02/18 16:07:15";"1805.4";"1062";"293055771";"926,500000000000";"4";"933,000000000000";"920,000000000000";FALSE;"team_random_map";FALSE;"99311";"7";"random_map";"normal";"dark"
"socotra";"2024/02/18 19:16:24";"2227";"1310";"293102598";"848,000000000000";"6";"852,666666666667";"843,333333333333";FALSE;"team_random_map";FALSE;"99311";"8";"random_map";"normal";"dark"
"arena";"2024/02/18 09:16:13";"2815.2";"1656";"292979451";"951,250000000000";"4";"938,000000000000";"964,500000000000";FALSE;"team_random_map";FALSE;"99311";"7";"random_map";"normal";"dark"
"african_clearing";"2024/02/19 07:14:42";"3940.6";"2318";"293227385";"941,166666666667";"6";"924,000000000000";"958,333333333333";FALSE;"team_random_map";FALSE;"99311";"8";"random_map";"normal";"dark"
"socotra";"2024/02/19 10:28:37";"3422.1";"2013";"293243578";"930,250000000000";"8";"924,250000000000";"936,250000000000";FALSE;"team_random_map";FALSE;"99311";"9";"random_map";"normal";"dark"
"michi";"2024/02/19 19:04:15";"2211.7";"1301";"293323244";"922,750000000000";"4";"928,000000000000";"917,500000000000";TRUE;"team_random_map";FALSE;"99311";"7";"random_map";"normal";"dark"
"socotra";"2024/02/20 17:47:18";"3530.9";"2077";"293521041";"908,750000000000";"4";"900,500000000000";"917,000000000000";FALSE;"team_random_map";FALSE;"99311";"7";"random_map";"normal";"dark"
"arabia";"2024/02/20 14:50:22";"3663.5";"2155";"293491263";"897,333333333333";"6";"903,333333333333";"891,333333333333";TRUE;"team_random_map";FALSE;"99311";"8";"random_map";"normal";"dark"
"arabia";"2024/02/21 17:46:47";"2798.2";"1646";"293727521";"891,750000000000";"4";"912,500000000000";"871,000000000000";FALSE;"team_random_map";FALSE;"99311";"7";"random_map";"normal";"dark"
"arena";"2024/02/21 19:30:22";"3078.7";"1811";"293747336";"883,000000000000";"4";"878,000000000000";"888,000000000000";FALSE;"team_random_map";FALSE;"99311";"7";"random_map";"normal";"dark"
"lombardia";"2024/02/22 17:35:41";"4766.8";"2804";"293931006";"933,000000000000";"8";"935,250000000000";"930,750000000000";FALSE;"team_random_map";FALSE;"99311";"9";"random_map";"normal";"dark"
"hideout";"2024/02/22 15:01:59";"4090.2";"2406";"293904478";"906,250000000000";"8";"904,250000000000";"908,250000000000";FALSE;"team_random_map";FALSE;"99311";"9";"random_map";"normal";"dark"
"migration";"2024/02/22 17:02:29";"1530";"900";"293925086";"834,750000000000";"4";"812,500000000000";"857,000000000000";FALSE;"team_random_map";FALSE;"99311";"7";"random_map";"normal";"dark"
"lombardia";"2024/02/23 22:31:09";"3389.8";"1994";"294214887";"944,666666666667";"6";"941,666666666667";"947,666666666667";TRUE;"team_random_map";FALSE;"99311";"8";"random_map";"normal";"dark"
"hideout";"2024/02/23 21:06:48";"3689";"2170";"294195707";"904,000000000000";"6";"898,333333333333";"909,666666666667";FALSE;"team_random_map";FALSE;"99311";"8";"random_map";"normal";"dark"
"nomad";"2024/02/23 21:47:50";"3524.1";"2073";"294205353";"931,833333333333";"6";"925,000000000000";"938,666666666667";FALSE;"team_random_map";FALSE;"99311";"8";"random_map";"normal";"dark"
"coastal_forest";"2024/02/23 20:28:38";"3391.5";"1995";"294186565";"896,333333333333";"6";"893,333333333333";"899,333333333333";FALSE;"team_random_map";FALSE;"99311";"8";"random_map";"normal";"dark"
"shoals";"2024/02/23 19:48:10";"3532.6";"2078";"294177189";"870,000000000000";"6";"878,000000000000";"862,000000000000";TRUE;"team_random_map";FALSE;"99311";"8";"random_map";"normal";"dark"
"socotra";"2024/02/11 08:11:09";"2786.3";"1639";"291399506";"936,000000000000";"6";"936,333333333333";"935,666666666667";FALSE;"team_random_map";FALSE;"99311";"8";"random_map";"normal";"dark"
"arabia";"2024/02/11 18:04:47";"2643.5";"1555";"291507666";"944,333333333333";"6";"941,333333333333";"947,333333333333";FALSE;"team_random_map";FALSE;"99311";"8";"random_map";"normal";"dark"
"arena";"2024/02/11 07:40:41";"2747.2";"1616";"291396386";"991,000000000000";"8";"996,000000000000";"986,000000000000";FALSE;"team_random_map";FALSE;"99311";"9";"random_map";"normal";"dark"
"michi";"2024/02/11 18:33:41";"6461.7";"3801";"291514838";"902,500000000000";"8";"897,250000000000";"907,750000000000";FALSE;"team_random_map";FALSE;"99311";"9";"random_map";"normal";"dark"
"nomad";"2024/02/11 07:35:36";"73.1";"43";"291395860";"845,166666666667";"6";"851,000000000000";"839,333333333333";FALSE;"team_random_map";FALSE;"99311";"8";"random_map";"normal";"dark"
"land_nomad";"2024/02/11 11:33:25";"3117.8";"1834";"291424651";"873,333333333333";"6";"867,666666666667";"879,000000000000";FALSE;"team_random_map";FALSE;"99311";"8";"random_map";"normal";"dark"
"arabia";"2024/02/12 20:45:31";"2561.9";"1507";"291759857";"884,333333333333";"6";"825,000000000000";"943,666666666667";TRUE;"team_random_map";FALSE;"99311";"8";"random_map";"normal";"dark"
"socotra";"2024/02/12 21:15:32";"2471.8";"1454";"291766552";"965,833333333333";"6";"968,666666666667";"963,000000000000";FALSE;"team_random_map";FALSE;"99311";"8";"random_map";"normal";"dark"
"socotra";"2024/02/12 18:36:20";"3910";"2300";"291730556";"930,000000000000";"4";"925,000000000000";"935,000000000000";TRUE;"team_random_map";FALSE;"99311";"7";"random_map";"normal";"dark"
"arabia";"2024/02/13 20:26:16";"2978.4";"1752";"291970741";"965,750000000000";"8";"955,000000000000";"976,500000000000";FALSE;"team_random_map";FALSE;"99311";"9";"random_map";"normal";"dark"
"socotra";"2024/02/13 12:58:41";"3141.6";"1848";"291887265";"970,625000000000";"8";"963,750000000000";"977,500000000000";TRUE;"team_random_map";FALSE;"99311";"9";"random_map";"normal";"dark"
"socotra";"2024/02/13 14:04:44";"1275";"750";"291897176";"943,500000000000";"4";"919,500000000000";"967,500000000000";FALSE;"team_random_map";FALSE;"99311";"7";"random_map";"normal";"dark"
"socotra";"2024/02/13 18:43:07";"2776.1";"1633";"291947351";"933,000000000000";"8";"927,750000000000";"938,250000000000";TRUE;"team_random_map";FALSE;"99311";"9";"random_map";"normal";"dark"
"socotra";"2024/02/15 17:59:07";"2646.9";"1557";"292340386";"956,000000000000";"4";"955,500000000000";"956,500000000000";FALSE;"team_random_map";FALSE;"99311";"7";"random_map";"normal";"dark"
"nomad";"2024/02/17 16:44:20";"2487.1";"1463";"292797955";"916,333333333333";"6";"919,333333333333";"913,333333333333";FALSE;"team_random_map";FALSE;"99311";"8";"random_map";"normal";"dark"
"arena";"2024/02/17 18:39:39";"2799.9";"1647";"292823419";"1002,500000000000";"4";"982,500000000000";"1022,500000000000";FALSE;"team_random_map";FALSE;"99311";"7";"random_map";"normal";"dark"
"arena";"2024/02/17 08:36:49";"3085.5";"1815";"292712713";"953,500000000000";"4";"946,000000000000";"961,000000000000";FALSE;"team_random_map";FALSE;"99311";NA;"random_map";"normal";"dark"
"arabia";"2024/02/04 13:43:23";"73.1";"43";"289919312";"944,250000000000";"4";"937,500000000000";"951,000000000000";FALSE;"team_random_map";FALSE;"99311";"7";"random_map";"normal";"dark"
"arabia";"2024/02/04 07:59:29";"2514.3";"1479";"289865853";"947,500000000000";"8";"930,750000000000";"964,250000000000";FALSE;"team_random_map";FALSE;"99311";"9";"random_map";"normal";"dark"
"nomad";"2024/02/04 07:33:47";"2038.3";"1199";"289862979";"949,000000000000";"4";"935,000000000000";"963,000000000000";FALSE;"team_random_map";FALSE;"99311";"7";"random_map";"normal";"dark"
"highland";"2024/02/05 12:09:34";"3558.1";"2093";"290146031";"895,833333333333";"6";"895,666666666667";"896,000000000000";FALSE;"team_random_map";FALSE;"99311";"8";"random_map";"normal";"dark"
"arena";"2024/02/06 15:23:40";"3279.3";"1929";"290380618";"912,500000000000";"4";"929,000000000000";"896,000000000000";FALSE;"team_random_map";FALSE;"99311";"7";"random_map";"normal";"dark"
"michi";"2024/02/07 20:35:08";"4178.6";"2458";"290642666";"841,333333333333";"6";"844,333333333333";"838,333333333333";FALSE;"team_random_map";FALSE;"99311";"8";"random_map";"normal";"dark"
"socotra";"2024/02/07 20:15:49";"1640.5";"965";"290638452";"865,833333333333";"6";"866,000000000000";"865,666666666667";FALSE;"team_random_map";FALSE;"99311";"8";"random_map";"normal";"dark"
"arena";"2024/02/08 18:07:28";"4397.9";"2587";"290796332";"913,000000000000";"4";"916,000000000000";"910,000000000000";FALSE;"team_random_map";FALSE;"99311";"7";"random_map";"normal";"dark"
"socotra";"2024/02/08 13:07:24";"1873.4";"1102";"290745650";"895,000000000000";"4";"901,000000000000";"889,000000000000";FALSE;"team_random_map";FALSE;"99311";"7";"random_map";"normal";"dark"
"arabia";"2024/02/08 13:31:32";"1737.4";"1022";"290749247";"905,250000000000";"4";"893,000000000000";"917,500000000000";FALSE;"team_random_map";FALSE;"99311";"7";"random_map";"normal";"dark"
"arena";"2024/02/09 09:28:49";"4316.3";"2539";"290932245";"1028,250000000000";"4";"1051,000000000000";"1005,500000000000";FALSE;"team_random_map";FALSE;"99311";"7";"random_map";"normal";"dark"
"arabia";"2024/02/10 10:07:50";"3323.5";"1955";"291162093";"935,250000000000";"4";"943,000000000000";"927,500000000000";FALSE;"team_random_map";FALSE;"99311";"7";"random_map";"normal";"dark"
"socotra";"2024/02/10 09:25:13";"3794.4";"2232";"291157041";"911,000000000000";"8";"903,500000000000";"918,500000000000";FALSE;"team_random_map";FALSE;"99311";"9";"random_map";"normal";"dark"
"baltic";"2024/01/28 20:15:22";"3721.3";"2189";"288475029";"886,500000000000";"6";"882,000000000000";"891,000000000000";FALSE;"team_random_map";FALSE;"99311";"8";"random_map";"normal";"dark"
"nomad";"2024/01/28 19:27:09";"4564.5";"2685";"288462152";"913,166666666667";"6";"906,333333333333";"920,000000000000";FALSE;"team_random_map";FALSE;"99311";"8";"random_map";"normal";"dark"
"migration";"2024/01/28 20:57:28";"2733.6";"1608";"288485999";"917,666666666667";"6";"906,666666666667";"928,666666666667";FALSE;"team_random_map";FALSE;"99311";"8";"random_map";"normal";"dark"
"nomad";"2024/01/28 08:02:46";"2330.7";"1371";"288330546";"940,750000000000";"4";"937,000000000000";"944,500000000000";FALSE;"team_random_map";FALSE;"99311";"7";"random_map";"normal";"dark"
"steppe";"2024/01/28 09:13:32";"2833.9";"1667";"288339289";"974,250000000000";"4";"972,500000000000";"976,000000000000";FALSE;"team_random_map";FALSE;"99311";"7";"random_map";"normal";"dark"
"megarandom";"2024/01/29 18:19:37";"1768";"1040";"288657993";"516,000000000000";"2";"494,000000000000";"538,000000000000";FALSE;"random_map";FALSE;"99311";"6";"random_map";"normal";"dark"
"migration";"2024/01/29 19:29:16";"4154.8";"2444";"288671681";"831,166666666667";"6";"831,333333333333";"831,000000000000";FALSE;"team_random_map";FALSE;"99311";"8";"random_map";"normal";"dark"
"four_lakes";"2024/01/29 18:52:19";"3270.8";"1924";"288664155";"513,500000000000";"2";"499,000000000000";"528,000000000000";FALSE;"random_map";FALSE;"99311";"6";"random_map";"normal";"dark"
"highland";"2024/02/01 21:08:20";"4132.7";"2431";"289289337";"899,000000000000";"6";"886,333333333333";"911,666666666667";FALSE;"team_random_map";FALSE;"99311";"8";"random_map";"normal";"dark"
"baltic";"2024/02/01 20:33:26";"3172.2";"1866";"289282029";"893,333333333333";"6";"890,666666666667";"896,000000000000";TRUE;"team_random_map";FALSE;"99311";"8";"random_map";"normal";"dark"
"arena";"2024/02/02 19:17:29";"3292.9";"1937";"289476194";"888,500000000000";"4";"889,000000000000";"888,000000000000";FALSE;"team_random_map";FALSE;"99311";"7";"random_map";"normal";"dark"
"ghost_lake";"2024/02/02 19:52:26";"2747.2";"1616";"289483757";"897,750000000000";"4";"895,500000000000";"900,000000000000";FALSE;"team_random_map";FALSE;"99311";"7";"random_map";"normal";"dark"
"arena";"2024/02/02 18:49:58";"2539.8";"1494";"289470536";"914,000000000000";"4";"908,000000000000";"920,000000000000";FALSE;"team_random_map";FALSE;"99311";"7";"random_map";"normal";"dark"
"highland";"2024/02/03 14:36:22";"3634.6";"2138";"289669204";"953,500000000000";"6";"958,666666666667";"948,333333333333";FALSE;"team_random_map";FALSE;"99311";"8";"random_map";"normal";"dark"
"arena";"2024/02/03 19:36:12";"5326.1";"3133";"289734114";"979,500000000000";"2";"977,000000000000";"982,000000000000";FALSE;"random_map";FALSE;"99311";"6";"random_map";"normal";"dark"
"nomad";"2024/02/03 08:36:43";"4061.3";"2389";"289612139";"884,250000000000";"4";"882,500000000000";"886,000000000000";FALSE;"team_random_map";FALSE;"99311";"7";"random_map";"normal";"dark"
"arabia";"2024/02/03 08:14:43";"1761.2";"1036";"289609539";"908,875000000000";"8";"896,000000000000";"921,750000000000";FALSE;"team_random_map";FALSE;"99311";"9";"random_map";"normal";"dark"
"arena";"2024/02/03 11:19:47";"6011.2";"3536";"289633106";"933,500000000000";"8";"939,500000000000";"927,500000000000";FALSE;"team_random_map";FALSE;"99311";"9";"random_map";"normal";"dark"
"migration";"2024/02/03 17:29:24";"3394.9";"1997";"289706990";"947,750000000000";"4";"957,000000000000";"938,500000000000";FALSE;"team_random_map";FALSE;"99311";"7";"random_map";"normal";"dark"
"arena";"2024/01/22 20:40:08";"3347.3";"1969";"287137015";"920,333333333333";"6";"912,666666666667";"928,000000000000";FALSE;"team_random_map";FALSE;"99311";"8";"random_map";"normal";"dark"
"nomad";"2024/01/22 19:48:30";"4977.6";"2928";"287125639";"927,000000000000";"6";"945,666666666667";"908,333333333333";FALSE;"team_random_map";FALSE;"99311";"8";"random_map";"normal";"dark"
"baltic";"2024/01/27 21:43:10";"2701.3";"1589";"288230449";"963,500000000000";"4";"962,000000000000";"965,000000000000";FALSE;"team_random_map";FALSE;"99311";"7";"random_map";"normal";"dark"
"oasis";"2024/01/17 20:52:46";"5526.7";"3251";"285979560";"940,500000000000";"6";"917,333333333333";"963,666666666667";FALSE;"team_random_map";FALSE;"99311";"8";"random_map";"normal";"dark"
"oasis";"2024/01/17 19:50:13";"3879.4";"2282";"285965452";"977,166666666667";"6";"974,666666666667";"979,666666666667";FALSE;"team_random_map";FALSE;"99311";"8";"random_map";"normal";"dark"
"nomad";"2024/01/07 11:35:20";"2284.8";"1344";"283688592";"994,666666666667";"6";"1007,000000000000";"982,333333333333";FALSE;"team_random_map";FALSE;"99311";NA;"random_map";"normal";"dark"
"team_islands";"2024/01/11 20:07:34";"4933.4";"2902";"284598420";"985,500000000000";"6";"961,666666666667";"1009,333333333333";FALSE;"team_random_map";FALSE;"99311";"8";"random_map";"normal";"dark"
"runestones";"2024/01/11 19:10:48";"2476.9";"1457";"284587067";"954,666666666667";"6";"946,333333333333";"963,000000000000";FALSE;"team_random_map";FALSE;"99311";"8";"random_map";"normal";"dark"
"runestones";"2024/01/11 19:57:59";"627.3";"369";"284596530";"931,000000000000";"6";"915,000000000000";"947,000000000000";FALSE;"team_random_map";FALSE;"99311";"8";"random_map";"normal";"dark"
"nomad";"2024/01/11 19:38:23";"1759.5";"1035";"284592505";"965,166666666667";"6";"963,000000000000";"967,333333333333";FALSE;"team_random_map";FALSE;"99311";"8";"random_map";"normal";"dark"
"haboob";"2024/01/03 17:14:59";"2492.2";"1466";"282781716";"974,750000000000";"4";"958,500000000000";"991,000000000000";FALSE;"team_random_map";FALSE;"99311";"7";"random_map";"normal";"dark"
"arabia";"2024/01/04 14:57:32";"2097.8";"1234";"282976893";"938,500000000000";"4";"957,000000000000";"920,000000000000";FALSE;"team_random_map";FALSE;"99311";"7";"random_map";"normal";"dark"
"haboob";"2024/01/06 10:58:39";"2524.5";"1485";"283415506";"1013,166666666667";"6";"1012,000000000000";"1014,333333333333";TRUE;"team_random_map";FALSE;"99311";"8";"random_map";"normal";"dark"
"nomad";"2024/01/06 10:50:53";"377.4";"222";"283414424";"1016,333333333333";"6";"1016,333333333333";"1016,333333333333";FALSE;"team_random_map";FALSE;"99311";"8";"random_map";"normal";"dark"
"nomad";"2024/01/06 21:15:32";"2259.3";"1329";"283547387";"951,500000000000";"6";"959,666666666667";"943,333333333333";TRUE;"team_random_map";FALSE;"99311";"8";"random_map";"normal";"dark"
"yucatan";"2024/01/06 22:14:06";"5394.1";"3173";"283561648";"938,500000000000";"6";"959,333333333333";"917,666666666667";TRUE;"team_random_map";FALSE;"99311";"8";"random_map";"normal";"dark"
"migration";"2024/01/06 19:48:26";"4362.2";"2566";"283524939";"910,166666666667";"6";"889,666666666667";"930,666666666667";TRUE;"team_random_map";FALSE;"99311";"8";"random_map";"normal";"dark"
"yucatan";"2024/01/06 20:42:22";"2842.4";"1672";"283538990";"931,833333333333";"6";"918,666666666667";"945,000000000000";TRUE;"team_random_map";FALSE;"99311";"8";"random_map";"normal";"dark"
"yucatan";"2024/01/06 21:40:54";"2976.7";"1751";"283553695";"979,166666666667";"6";"975,000000000000";"983,333333333333";TRUE;"team_random_map";FALSE;"99311";"8";"random_map";"normal";"dark"
"arena";"2023/12/24 10:32:27";"3391.5";"1995";"280407029";"921,375000000000";"8";"927,500000000000";"915,250000000000";FALSE;"team_random_map";FALSE;"99311";"9";"random_map";"normal";"dark"
"nomad";"2023/12/24 11:05:36";"1135.6";"668";"280411305";"875,000000000000";"6";"873,333333333333";"876,666666666667";FALSE;"team_random_map";FALSE;"99311";"8";"random_map";"normal";"dark"
"arabia";"2023/12/25 13:21:41";"2150.5";"1265";"280618353";"939,250000000000";"4";"947,000000000000";"931,500000000000";FALSE;"team_random_map";FALSE;"99311";"7";"random_map";"normal";"dark"
"arena";"2023/12/25 09:08:03";"3423.8";"2014";"280589914";"952,375000000000";"8";"963,500000000000";"941,250000000000";FALSE;"team_random_map";FALSE;"99311";"9";"random_map";"normal";"dark"
"arena";"2023/12/25 09:49:09";"3607.4";"2122";"280593428";"859,375000000000";"8";"847,000000000000";"871,750000000000";FALSE;"team_random_map";FALSE;"99311";"9";"random_map";"normal";"dark"
"arabia";"2023/12/26 19:22:43";"1902.3";"1119";"280899860";"958,666666666667";"6";"960,000000000000";"957,333333333333";FALSE;"team_random_map";FALSE;"99311";"8";"random_map";"normal";"dark"
"arena";"2023/12/26 07:02:36";"2609.5";"1535";"280789548";"937,500000000000";"6";"944,333333333333";"930,666666666667";FALSE;"team_random_map";FALSE;"99311";"8";"random_map";"normal";"dark"
"yucatan";"2023/12/26 19:54:51";"4051.1";"2383";"280906947";"948,833333333333";"6";"950,000000000000";"947,666666666667";FALSE;"team_random_map";FALSE;"99311";"8";"random_map";"normal";"dark"
"nomad";"2023/12/26 07:29:21";"3034.5";"1785";"280791809";"973,833333333333";"6";"993,333333333333";"954,333333333333";FALSE;"team_random_map";FALSE;"99311";"8";"random_map";"normal";"dark"
"nomad";"2023/12/27 09:44:17";"3369.4";"1982";"281031912";"1048,833333333333";"6";"1068,333333333333";"1029,333333333333";FALSE;"team_random_map";FALSE;"99311";"8";"random_map";"normal";"dark"
"yucatan";"2023/12/27 09:08:46";"2381.7";"1401";"281028570";"902,833333333333";"6";"951,333333333333";"854,333333333333";FALSE;"team_random_map";FALSE;"99311";"8";"random_map";"normal";"dark"
"megarandom";"2023/12/28 22:39:56";"3158.6";"1858";"281414479";"984,250000000000";"4";"967,000000000000";"1001,500000000000";FALSE;"team_random_map";FALSE;"99311";"7";"random_map";"normal";"dark"
"arena";"2023/12/28 07:10:49";"2689.4";"1582";"281253525";"1003,000000000000";"4";"1010,500000000000";"995,500000000000";FALSE;"team_random_map";FALSE;"99311";"7";"random_map";"normal";"dark"
"arena";"2023/12/28 07:43:47";"2548.3";"1499";"281256297";"984,833333333333";"6";"989,666666666667";"980,000000000000";FALSE;"team_random_map";FALSE;"99311";"8";"random_map";"normal";"dark"
"arena";"2023/12/29 18:23:51";"2670.7";"1571";"281599045";"1007,250000000000";"4";"1006,000000000000";"1008,500000000000";FALSE;"team_random_map";FALSE;"99311";"7";"random_map";"normal";"dark"
"nomad";"2023/12/21 20:15:02";"2827.1";"1663";"279831128";"900,000000000000";"4";"898,000000000000";"902,000000000000";FALSE;"team_random_map";FALSE;"99311";"7";"random_map";"normal";"dark"
"nomad";"2023/12/21 21:05:31";"1837.7";"1081";"279842024";"878,333333333333";"6";"855,666666666667";"901,000000000000";FALSE;"team_random_map";FALSE;"99311";"8";"random_map";"normal";"dark"
"arabia";"2023/12/22 20:08:19";"5768.1";"3393";"280038474";"935,125000000000";"8";"936,500000000000";"933,750000000000";FALSE;"team_random_map";FALSE;"99311";"9";"random_map";"normal";"dark"
"arena";"2023/12/22 18:03:53";"4875.6";"2868";"280013824";"935,000000000000";"4";"951,000000000000";"919,000000000000";FALSE;"team_random_map";FALSE;"99311";"7";"random_map";"normal";"dark"
"nomad";"2023/12/22 15:03:06";"2733.6";"1608";"279980185";"913,666666666667";"6";"923,000000000000";"904,333333333333";FALSE;"team_random_map";FALSE;"99311";"8";"random_map";"normal";"dark"
"nomad";"2023/12/22 07:46:36";"4163.3";"2449";"279926335";"940,250000000000";"4";"929,000000000000";"951,500000000000";TRUE;"team_random_map";FALSE;"99311";"7";"random_map";"normal";"dark"
"arena";"2023/12/23 15:33:09";"2845.8";"1674";"280219147";"922,125000000000";"8";"926,000000000000";"918,250000000000";FALSE;"team_random_map";FALSE;"99311";"9";"random_map";"normal";"dark"
"megarandom";"2023/12/23 08:42:22";"2942.7";"1731";"280154559";"904,500000000000";"4";"897,500000000000";"911,500000000000";FALSE;"team_random_map";FALSE;"99311";"7";"random_map";"normal";"dark"
"megarandom";"2023/12/23 08:03:14";"2201.5";"1295";"280150568";"959,375000000000";"8";"974,250000000000";"944,500000000000";FALSE;"team_random_map";FALSE;"99311";"9";"random_map";"normal";"dark"
"yucatan";"2023/12/23 18:55:11";"4931.7";"2901";"280260716";"901,333333333333";"6";"904,666666666667";"898,000000000000";FALSE;"team_random_map";FALSE;"99311";"8";"random_map";"normal";"dark"
"runestones";"2023/12/23 11:57:11";"2065.5";"1215";"280177561";"918,750000000000";"4";"930,000000000000";"907,500000000000";FALSE;"team_random_map";FALSE;"99311";"7";"random_map";"normal";"dark"
"megarandom";"2023/12/23 08:40:03";"28.9";"17";"280154271";"919,750000000000";"4";"917,000000000000";"922,500000000000";FALSE;"team_random_map";FALSE;"99311";"7";"random_map";"normal";"dark"
"nomad";"2023/12/23 20:15:34";"3435.7";"2021";"280278092";"893,833333333333";"6";"901,000000000000";"886,666666666667";FALSE;"team_random_map";FALSE;"99311";"8";"random_map";"normal";"dark"
"runestones";"2023/12/23 16:07:59";"5468.9";"3217";"280226515";"894,750000000000";"4";"899,000000000000";"890,500000000000";FALSE;"team_random_map";FALSE;"99311";"7";"random_map";"normal";"dark"
"migration";"2023/12/10 13:25:11";"4873.9";"2867";"277498286";"938,750000000000";"4";"933,000000000000";"944,500000000000";FALSE;"team_random_map";FALSE;"95810";"7";"random_map";"normal";"dark"
"nomad";"2023/12/10 08:59:54";"32.3";"19";"277457429";"984,666666666667";"6";"1000,666666666667";"968,666666666667";FALSE;"team_random_map";FALSE;"95810";"8";"random_map";"normal";"dark"
"ring_fortress";"2023/12/10 18:57:49";"3609.1";"2123";"277571076";"937,333333333333";"6";"942,666666666667";"932,000000000000";FALSE;"team_random_map";FALSE;"95810";"8";"random_map";"normal";"dark"
"nomad";"2023/12/10 09:04:41";"2662.2";"1566";"277458053";"933,750000000000";"4";"917,000000000000";"950,500000000000";FALSE;"team_random_map";FALSE;"95810";"7";"random_map";"normal";"dark"
"nomad";"2023/12/10 08:15:09";"2941";"1730";"277452287";"927,000000000000";"8";"927,500000000000";"926,500000000000";FALSE;"team_random_map";FALSE;"95810";"9";"random_map";"normal";"dark"
"eruption";"2023/12/12 20:08:02";"2371.5";"1395";"277980336";"939,250000000000";"4";"936,500000000000";"942,000000000000";FALSE;"team_random_map";FALSE;"99311";"7";"random_map";"normal";"dark"
"nomad";"2023/12/12 20:36:45";"5380.5";"3165";"277985964";"927,500000000000";"4";"926,000000000000";"929,000000000000";FALSE;"team_random_map";FALSE;"99311";"7";"random_map";"normal";"dark"
"nomad";"2023/12/13 16:08:51";"3107.6";"1828";"278133286";"898,833333333333";"6";"933,666666666667";"864,000000000000";FALSE;"team_random_map";FALSE;"99311";"8";"random_map";"normal";"dark"
"yucatan";"2023/12/03 08:52:07";"2238.9";"1317";"275947323";"909,250000000000";"4";"874,000000000000";"944,500000000000";FALSE;"team_random_map";FALSE;"95810";"7";"random_map";"normal";"dark"
"nomad";"2023/12/03 20:13:50";"4547.5";"2675";"276082455";"946,375000000000";"8";"952,750000000000";"940,000000000000";FALSE;"team_random_map";FALSE;"95810";"9";"random_map";"normal";"dark"
"seize_the_mountain";"2023/12/04 15:45:17";"1159.4";"682";"276239571";"956,250000000000";"4";"963,000000000000";"949,500000000000";FALSE;"team_random_map";FALSE;"95810";"7";"random_map";"normal";"dark"
"eruption";"2023/12/04 20:16:24";"2337.5";"1375";"276288627";"929,166666666667";"6";"919,000000000000";"939,333333333333";FALSE;"team_random_map";FALSE;"95810";"8";"random_map";"normal";"dark"
"ring_fortress";"2023/12/04 19:55:57";"1671.1";"983";"276284184";"900,166666666667";"6";"897,000000000000";"903,333333333333";FALSE;"team_random_map";FALSE;"95810";"8";"random_map";"normal";"dark"
"ring_fortress";"2023/12/04 19:40:35";"1055.7";"621";"276280824";"883,000000000000";"6";"887,666666666667";"878,333333333333";FALSE;"team_random_map";FALSE;"95810";"8";"random_map";"normal";"dark"
"shoals";"2023/12/04 09:02:02";"3155.2";"1856";"276189064";"488,000000000000";"2";"464,000000000000";"512,000000000000";FALSE;"random_map";FALSE;"95810";"6";"random_map";"normal";"dark"
"morass";"2023/12/04 08:46:07";"1441.6";"848";"276187892";"532,500000000000";"2";"492,000000000000";"573,000000000000";FALSE;"random_map";FALSE;"95810";"6";"random_map";"normal";"dark"
"runestones";"2023/12/05 18:59:40";"438.6";"258";"276469757";"1022,000000000000";"6";"1013,000000000000";"1031,000000000000";FALSE;"team_random_map";FALSE;"95810";"8";"random_map";"normal";"dark"
"arena";"2023/12/05 19:07:46";"2691.1";"1583";"276471409";"1006,000000000000";"4";"1005,500000000000";"1006,500000000000";FALSE;"team_random_map";FALSE;"95810";"7";"random_map";"normal";"dark"
"nomad";"2023/12/05 20:23:19";"32.3";"19";"276487425";"912,500000000000";"2";"912,000000000000";"913,000000000000";FALSE;"random_map";FALSE;"95810";"6";"random_map";"normal";"dark"
"arena";"2023/12/05 16:06:35";"3167.1";"1863";"276440533";"999,000000000000";"4";"993,500000000000";"1004,500000000000";FALSE;"team_random_map";FALSE;"95810";"7";"random_map";"normal";"dark"
"nomad";"2023/12/05 20:24:43";"1477.3";"869";"276487779";"932,500000000000";"2";"929,000000000000";"936,000000000000";FALSE;"random_map";FALSE;"95810";"6";"random_map";"normal";"dark"
"nomad";"2023/12/06 20:31:08";"1847.9";"1087";"276689023";"514,500000000000";"2";"503,000000000000";"526,000000000000";FALSE;"random_map";FALSE;"95810";"6";"random_map";"normal";"dark"
"megarandom";"2023/12/06 20:51:17";"4605.3";"2709";"276692969";"514,500000000000";"2";"509,000000000000";"520,000000000000";FALSE;"random_map";FALSE;"95810";"6";"random_map";"normal";"dark"
"runestones";"2023/12/09 15:49:15";"2935.9";"1727";"277280308";"983,500000000000";"4";"983,500000000000";"983,500000000000";FALSE;"team_random_map";FALSE;"95810";"7";"random_map";"normal";"dark"
"eruption";"2023/12/09 10:46:58";"3369.4";"1982";"277223528";"982,750000000000";"4";"987,000000000000";"978,500000000000";FALSE;"team_random_map";FALSE;"95810";"7";"random_map";"normal";"dark"
"nomad";"2023/12/09 21:04:00";"3689";"2170";"277348001";"952,875000000000";"8";"950,250000000000";"955,500000000000";FALSE;"team_random_map";FALSE;"95810";"9";"random_map";"normal";"dark"
"nomad";"2023/12/09 09:44:05";"3704.3";"2179";"277215791";"1014,250000000000";"4";"1013,500000000000";"1015,000000000000";FALSE;"team_random_map";FALSE;"95810";"7";"random_map";"normal";"dark"
"ring_fortress";"2023/12/09 15:39:12";"465.8";"274";"277278146";"988,125000000000";"8";"989,750000000000";"986,500000000000";FALSE;"team_random_map";FALSE;"95810";"9";"random_map";"normal";"dark"
"seize_the_mountain";"2023/11/29 19:40:25";"3250.4";"1912";"275177307";"928,666666666667";"6";"950,000000000000";"907,333333333333";FALSE;"team_random_map";FALSE;"95810";"8";"random_map";"normal";"dark"
"black_forest";"2023/11/29 18:01:49";"3782.5";"2225";"275159044";"978,000000000000";"4";"973,000000000000";"983,000000000000";FALSE;"team_random_map";FALSE;"95810";"7";"random_map";"normal";"dark"
"ring_fortress";"2023/11/29 20:16:02";"4241.5";"2495";"275185157";"893,666666666667";"6";"893,333333333333";"894,000000000000";FALSE;"team_random_map";FALSE;"95810";"8";"random_map";"normal";"dark"
"runestones";"2023/11/30 18:32:56";"3282.7";"1931";"275343751";"946,333333333333";"6";"953,333333333333";"939,333333333333";FALSE;"team_random_map";FALSE;"95810";"8";"random_map";"normal";"dark"
"nomad";"2023/11/30 18:15:04";"1516.4";"892";"275340723";"946,500000000000";"4";"946,500000000000";"946,500000000000";FALSE;"team_random_map";FALSE;"95810";"7";"random_map";"normal";"dark"
"arena";"2023/11/30 10:40:25";"4192.2";"2466";"275274050";"965,250000000000";"4";"959,500000000000";"971,000000000000";FALSE;"team_random_map";FALSE;"95810";"7";"random_map";"normal";"dark"
"nomad";"2023/11/30 17:11:12";"2893.4";"1702";"275329870";"983,250000000000";"4";"991,000000000000";"975,500000000000";FALSE;"team_random_map";FALSE;"95810";"7";"random_map";"normal";"dark"
"arena";"2023/11/30 11:56:26";"2769.3";"1629";"275281766";"966,166666666667";"6";"963,333333333333";"969,000000000000";FALSE;"team_random_map";FALSE;"95810";"8";"random_map";"normal";"dark"
"nomad";"2023/11/30 12:32:43";"3461.2";"2036";"275286279";"923,875000000000";"8";"931,250000000000";"916,500000000000";FALSE;"team_random_map";FALSE;"95810";"9";"random_map";"normal";"dark"
"yucatan";"2023/12/01 19:21:43";"1565.7";"921";"275560624";"945,250000000000";"4";"950,000000000000";"940,500000000000";FALSE;"team_random_map";FALSE;"95810";"7";"random_map";"normal";"dark"
"arena";"2023/12/01 10:50:28";"2470.1";"1453";"275474481";"967,666666666667";"6";"969,666666666667";"965,666666666667";FALSE;"team_random_map";FALSE;"95810";"8";"random_map";"normal";"dark"
"nomad";"2023/12/01 11:26:16";"4309.5";"2535";"275478196";"917,750000000000";"8";"920,250000000000";"915,250000000000";FALSE;"team_random_map";FALSE;"95810";"9";"random_map";"normal";"dark"
"arena";"2023/12/02 08:27:30";"4715.8";"2774";"275691215";"940,000000000000";"6";"956,000000000000";"924,000000000000";FALSE;"team_random_map";FALSE;"95810";"8";"random_map";"normal";"dark"
"black_forest";"2023/11/19 08:28:33";"4251.7";"2501";"272887267";"949,750000000000";"8";"948,250000000000";"951,250000000000";FALSE;"team_random_map";FALSE;"95810";"9";"random_map";"normal";"dark"
"black_forest";"2023/11/19 15:32:08";"4455.7";"2621";"272960416";"954,125000000000";"8";"954,500000000000";"953,750000000000";FALSE;"team_random_map";FALSE;"95810";"9";"random_map";"normal";"dark"
"socotra";"2023/11/19 07:56:39";"2820.3";"1659";"272883622";"933,833333333333";"6";"922,333333333333";"945,333333333333";FALSE;"team_random_map";FALSE;"95810";"8";"random_map";"normal";"dark"
"coastal_forest";"2023/11/19 11:33:30";"2312";"1360";"272910237";"926,750000000000";"4";"924,500000000000";"929,000000000000";FALSE;"team_random_map";FALSE;"95810";"7";"random_map";"normal";"dark"
"socotra";"2023/11/20 18:53:23";"1562.3";"919";"273208561";"517,000000000000";"2";"491,000000000000";"543,000000000000";FALSE;"random_map";FALSE;"95810";"6";"random_map";"normal";"dark"
"arena";"2023/11/20 10:38:05";"2811.8";"1654";"273134051";"508,000000000000";"2";"507,000000000000";"509,000000000000";FALSE;"random_map";FALSE;"95810";"6";"random_map";"normal";"dark"
"enclosed";"2023/11/20 19:11:49";"2983.5";"1755";"273212581";"465,000000000000";"2";"453,000000000000";"477,000000000000";FALSE;"random_map";FALSE;"95810";"6";"random_map";"normal";"dark"
"hideout";"2023/11/20 10:04:41";"3179";"1870";"273131350";"518,500000000000";"2";"514,000000000000";"523,000000000000";FALSE;"random_map";FALSE;"95810";"6";"random_map";"normal";"dark"
"coastal_forest";"2023/11/18 20:04:24";"2153.9";"1267";"272764613";"917,833333333333";"6";"901,333333333333";"934,333333333333";FALSE;"team_random_map";FALSE;"95810";"8";"random_map";"normal";"dark"
"moats";"2023/11/18 21:13:42";"3906.6";"2298";"272779679";"920,500000000000";"6";"935,000000000000";"906,000000000000";FALSE;"team_random_map";FALSE;"95810";"8";"random_map";"normal";"dark"
"ghost_lake";"2023/11/18 22:00:22";"6494";"3820";"272789659";"923,666666666667";"6";"917,666666666667";"929,666666666667";FALSE;"team_random_map";FALSE;"95810";"8";"random_map";"normal";"dark"
"coastal_forest";"2023/11/18 20:30:53";"3564.9";"2097";"272770378";"924,000000000000";"6";"918,666666666667";"929,333333333333";FALSE;"team_random_map";FALSE;"95810";"8";"random_map";"normal";"dark"
"nomad";"2023/11/18 14:32:09";"3415.3";"2009";"272692198";"943,500000000000";"4";"918,500000000000";"968,500000000000";FALSE;"team_random_map";FALSE;"95810";"7";"random_map";"normal";"dark"
"socotra";"2023/11/18 18:42:11";"2981.8";"1754";"272746900";"1012,375000000000";"8";"1016,250000000000";"1008,500000000000";FALSE;"team_random_map";FALSE;"95810";"9";"random_map";"normal";"dark"
"socotra";"2023/11/18 16:32:06";"3141.6";"1848";"272719916";"996,500000000000";"4";"1007,000000000000";"986,000000000000";FALSE;"team_random_map";FALSE;"95810";"7";"random_map";"normal";"dark"
"oasis";"2023/11/08 20:25:49";"4613.8";"2714";"270636858";"932,166666666667";"6";"954,666666666667";"909,666666666667";FALSE;"team_random_map";FALSE;"95810";"8";"random_map";"normal";"dark"
"eruption";"2023/11/08 19:43:16";"3156.9";"1857";"270628907";"912,250000000000";"4";"933,500000000000";"891,000000000000";FALSE;"team_random_map";FALSE;"95810";"7";"random_map";"normal";"dark"
"megarandom";"2023/11/08 18:39:22";"455.6";"268";"270617783";"529,000000000000";"2";"520,000000000000";"538,000000000000";FALSE;"random_map";FALSE;"95810";"6";"random_map";"normal";"dark"
"yucatan";"2023/11/08 18:49:29";"1344.7";"791";"270619352";"523,500000000000";"2";"505,000000000000";"542,000000000000";FALSE;"random_map";FALSE;"95810";"6";"random_map";"normal";"dark"
"coastal_forest";"2023/10/29 19:01:24";"3128";"1840";"268504012";"941,125000000000";"8";"941,500000000000";"940,750000000000";TRUE;"team_random_map";FALSE;"93001";"9";"random_map";"normal";"dark"
"arena";"2023/10/29 08:52:59";"3741.7";"2201";"268386737";"957,500000000000";"8";"962,500000000000";"952,500000000000";FALSE;"team_random_map";FALSE;"93001";"9";"random_map";"normal";"dark"
"arena";"2023/10/29 19:30:08";"5463.8";"3214";"268510774";"906,000000000000";"8";"889,250000000000";"922,750000000000";FALSE;"team_random_map";FALSE;"93001";"9";"random_map";"normal";"dark"
"arabia";"2023/10/30 20:19:24";"2349.4";"1382";"268723391";"911,750000000000";"4";"922,000000000000";"901,500000000000";FALSE;"team_random_map";FALSE;"93001";"7";"random_map";"normal";"dark"
"lombardia";"2023/10/30 19:25:49";"3942.3";"2319";"268712225";"898,000000000000";"6";"885,000000000000";"911,000000000000";FALSE;"team_random_map";FALSE;"93001";"8";"random_map";"normal";"dark"
"nomad";"2023/10/30 11:38:11";"2488.8";"1464";"268637114";"870,000000000000";"6";"872,000000000000";"868,000000000000";FALSE;"team_random_map";FALSE;"93001";"8";"random_map";"normal";"dark"
"socotra";"2023/10/31 19:53:12";"341.7";"201";"268914794";"1013,625000000000";"8";"1023,000000000000";"1004,250000000000";FALSE;"team_random_map";FALSE;"93001";"9";"random_map";"normal";"dark"
"socotra";"2023/10/31 19:45:18";"525.3";"309";"268913222";"962,166666666667";"6";"960,666666666667";"963,666666666667";FALSE;"team_random_map";FALSE;"93001";"8";"random_map";"normal";"dark"
"arena";"2023/10/31 19:59:37";"2805";"1650";"268916086";"969,375000000000";"8";"970,250000000000";"968,500000000000";FALSE;"team_random_map";FALSE;"93001";"9";"random_map";"normal";"dark"
"socotra";"2023/10/31 19:14:29";"2849.2";"1676";"268907012";"941,750000000000";"4";"944,500000000000";"939,000000000000";FALSE;"team_random_map";FALSE;"93001";"7";"random_map";"normal";"dark"
"scandanavia";"2023/10/22 13:50:12";"3277.6";"1928";"266993775";"571,000000000000";"2";"532,000000000000";"610,000000000000";TRUE;"random_map";FALSE;"93001";"6";"random_map";"normal";"dark"
"enclosed";"2023/10/22 08:32:06";"2006";"1180";"266942763";"552,000000000000";"2";"539,000000000000";"565,000000000000";FALSE;"random_map";FALSE;"93001";"6";"random_map";"normal";"dark"
"megarandom";"2023/10/22 13:18:42";"2823.7";"1661";"266987177";"551,000000000000";"2";"548,000000000000";"554,000000000000";FALSE;"random_map";FALSE;"93001";"6";"random_map";"normal";"dark"
"amazon_tunnel";"2023/10/28 22:35:59";"4430.2";"2606";"268300990";"944,833333333333";"6";"933,333333333333";"956,333333333333";FALSE;"team_random_map";FALSE;"93001";"8";"random_map";"normal";"dark"
"coastal_forest";"2023/10/28 19:24:11";"1553.8";"914";"268261683";"879,833333333333";"6";"888,666666666667";"871,000000000000";FALSE;"team_random_map";FALSE;"93001";"8";"random_map";"normal";"dark"
"arena";"2023/10/28 19:42:57";"3077";"1810";"268265930";"899,333333333333";"6";"903,666666666667";"895,000000000000";FALSE;"team_random_map";FALSE;"93001";"8";"random_map";"normal";"dark"
"crater_lake";"2023/10/28 20:17:24";"2198.1";"1293";"268273588";"890,666666666667";"6";"887,666666666667";"893,666666666667";FALSE;"team_random_map";FALSE;"93001";"8";"random_map";"normal";"dark"
"enclosed";"2023/10/28 17:33:27";"1106.7";"651";"268238020";"512,500000000000";"2";"505,000000000000";"520,000000000000";FALSE;"random_map";FALSE;"93001";"6";"random_map";"normal";"dark"
"enclosed";"2023/10/28 17:46:06";"91.8";"54";"268240512";"512,500000000000";"2";"503,000000000000";"522,000000000000";FALSE;"random_map";FALSE;"93001";"6";"random_map";"normal";"dark"
"lombardia";"2023/10/28 21:55:02";"3796.1";"2233";"268293448";"943,750000000000";"8";"952,750000000000";"934,750000000000";FALSE;"team_random_map";FALSE;"93001";"9";"random_map";"normal";"dark"
"scandanavia";"2023/10/28 18:32:23";"2187.9";"1287";"268250412";"503,000000000000";"2";"502,000000000000";"504,000000000000";FALSE;"random_map";FALSE;"93001";"6";"random_map";"normal";"dark"
"arena";"2023/10/28 17:47:56";"2886.6";"1698";"268241064";"522,500000000000";"2";"520,000000000000";"525,000000000000";FALSE;"random_map";FALSE;"93001";"6";"random_map";"normal";"dark"
"arena";"2023/10/19 18:58:09";"96.9";"57";"266375259";"933,166666666667";"6";"888,333333333333";"978,000000000000";FALSE;"team_random_map";FALSE;"93001";"8";"random_map";"normal";"dark"
"arabia";"2023/10/19 19:03:06";"4744.7";"2791";"266376206";"896,000000000000";"6";"876,333333333333";"915,666666666667";FALSE;"team_random_map";FALSE;"93001";"8";"random_map";"normal";"dark"
"crater_lake";"2023/10/19 19:56:23";"4448.9";"2617";"266386870";"869,000000000000";"6";"862,000000000000";"876,000000000000";FALSE;"team_random_map";FALSE;"93001";"8";"random_map";"normal";"dark"
"arabia";"2023/10/20 19:38:59";"3583.6";"2108";"266581401";"902,750000000000";"8";"897,750000000000";"907,750000000000";FALSE;"team_random_map";FALSE;"93001";"9";"random_map";"normal";"dark"
"amazon_tunnel";"2023/10/20 19:13:44";"2267.8";"1334";"266576225";"904,500000000000";"4";"901,000000000000";"908,000000000000";FALSE;"team_random_map";FALSE;"93001";"7";"random_map";"normal";"dark"
"arena";"2023/10/01 06:28:09";"1749.3";"1029";"262734117";"906,833333333333";"6";"901,666666666667";"912,000000000000";TRUE;"team_random_map";FALSE;"93001";"8";"random_map";"normal";"dark"
"african_clearing";"2023/10/01 07:19:10";"7576.9";"4457";"262739851";"949,166666666667";"6";"944,333333333333";"954,000000000000";TRUE;"team_random_map";FALSE;"93001";"8";"random_map";"normal";"dark"
"megarandom";"2023/10/01 09:40:58";"4049.4";"2382";"262756567";"565,000000000000";"2";"547,000000000000";"583,000000000000";FALSE;"random_map";FALSE;"93001";"6";"random_map";"normal";"dark"
"nomad";"2023/09/24 07:34:44";"42.5";"25";"261382796";"905,500000000000";"6";"894,000000000000";"917,000000000000";TRUE;"team_random_map";FALSE;"93001";"8";"random_map";"normal";"dark"
"mongolia";"2023/09/24 07:39:45";"2993.7";"1761";"261383428";"892,875000000000";"8";"884,000000000000";"901,750000000000";TRUE;"team_random_map";FALSE;"93001";"9";"random_map";"normal";"dark"
"arena";"2023/09/25 16:53:41";"2182.8";"1284";"261666503";"950,000000000000";"4";"947,000000000000";"953,000000000000";TRUE;"team_random_map";FALSE;"93001";"7";"random_map";"normal";"dark"
"african_clearing";"2023/09/25 16:46:02";"450.5";"265";"261665211";"873,375000000000";"8";"863,750000000000";"883,000000000000";TRUE;"team_random_map";FALSE;"93001";"9";"random_map";"normal";"dark"
"nomad";"2023/09/25 11:22:26";"1264.8";"744";"261620614";"771,000000000000";"8";"766,500000000000";"775,500000000000";FALSE;"team_random_map";FALSE;"93001";"9";"random_map";"normal";"dark"
"arabia";"2023/09/26 05:59:13";"2391.9";"1407";"261774837";"990,250000000000";"4";"1009,500000000000";"971,000000000000";TRUE;"team_random_map";FALSE;"93001";"7";"random_map";"normal";"dark"
"atacama";"2023/09/30 21:13:07";"1921";"1130";"262657499";"816,166666666667";"6";"811,000000000000";"821,333333333333";TRUE;"team_random_map";FALSE;"93001";"8";"random_map";"normal";"dark"
"arena";"2023/09/30 06:25:22";"3114.4";"1832";"262515606";"935,250000000000";"8";"930,500000000000";"940,000000000000";TRUE;"team_random_map";FALSE;"93001";"9";"random_map";"normal";"dark"
"nomad";"2023/09/30 05:54:04";"2502.4";"1472";"262511964";"901,500000000000";"4";"890,500000000000";"912,500000000000";TRUE;"team_random_map";FALSE;"93001";"7";"random_map";"normal";"dark"
"atacama";"2023/09/30 21:09:11";"204";"120";"262656720";"586,500000000000";"2";"582,000000000000";"591,000000000000";TRUE;"random_map";TRUE;"93001";"6";"random_map";"normal";"dark"
"haboob";"2023/09/19 18:29:45";"3180.7";"1871";"260498937";"566,500000000000";"2";"549,000000000000";"584,000000000000";TRUE;"random_map";FALSE;"93001";"6";"random_map";"normal";"dark"
"megarandom";"2023/09/19 18:07:28";"2128.4";"1252";"260495096";"605,000000000000";"2";"600,000000000000";"610,000000000000";TRUE;"random_map";FALSE;"93001";"6";"random_map";"normal";"dark"
"migration";"2023/09/19 17:53:17";"1237.6";"728";"260492695";"610,500000000000";"2";"604,000000000000";"617,000000000000";TRUE;"random_map";FALSE;"93001";"6";"random_map";"normal";"dark"
"arena";"2023/09/19 17:36:10";"3643.1";"2143";"260489763";"786,166666666667";"6";"799,000000000000";"773,333333333333";TRUE;"team_random_map";FALSE;"93001";"8";"random_map";"normal";"dark"
"mongolia";"2023/09/21 19:55:27";"3102.5";"1825";"260858249";"920,166666666667";"6";"930,333333333333";"910,000000000000";TRUE;"team_random_map";FALSE;"93001";"8";"random_map";"normal";"dark"
"african_clearing";"2023/09/21 19:33:34";"1856.4";"1092";"260854383";"895,000000000000";"6";"893,666666666667";"896,333333333333";TRUE;"team_random_map";FALSE;"93001";"8";"random_map";"normal";"dark"
"arena";"2023/09/21 15:47:19";"1468.8";"864";"260816023";"965,750000000000";"4";"990,000000000000";"941,500000000000";TRUE;"team_random_map";FALSE;"93001";"7";"random_map";"normal";"dark"
"nomad";"2023/09/22 18:17:57";"6585.8";"3874";"261028396";"908,375000000000";"8";"896,500000000000";"920,250000000000";TRUE;"team_random_map";FALSE;"93001";"9";"random_map";"normal";"dark"
"african_clearing";"2023/09/22 18:14:48";"52.7";"31";"261027863";"929,000000000000";"4";"940,500000000000";"917,500000000000";FALSE;"team_random_map";FALSE;"93001";"7";"random_map";"normal";"dark"
"mongolia";"2023/09/22 11:17:14";"4151.4";"2442";"260961072";"956,250000000000";"4";"964,000000000000";"948,500000000000";TRUE;"team_random_map";FALSE;"93001";"7";"random_map";"normal";"dark"
"nomad";"2023/09/22 19:37:32";"3321.8";"1954";"261043391";"918,750000000000";"4";"918,500000000000";"919,000000000000";TRUE;"team_random_map";FALSE;"93001";"7";"random_map";"normal";"dark"
"african_clearing";"2023/09/22 18:48:17";"3367.7";"1981";"261033901";"937,500000000000";"6";"944,000000000000";"931,000000000000";TRUE;"team_random_map";FALSE;"93001";"8";"random_map";"normal";"dark"
"arena";"2023/09/23 06:34:28";"3456.1";"2033";"261143868";"878,000000000000";"6";"882,666666666667";"873,333333333333";TRUE;"team_random_map";FALSE;"93001";"8";"random_map";"normal";"dark"
"megarandom";"2023/09/14 19:50:10";"2143.7";"1261";"259498844";"917,000000000000";"4";"913,500000000000";"920,500000000000";FALSE;"team_random_map";FALSE;"93001";"7";"random_map";"normal";"dark"
"four_lakes";"2023/09/14 19:27:56";"1679.6";"988";"259494916";"885,250000000000";"4";"899,000000000000";"871,500000000000";FALSE;"team_random_map";FALSE;"93001";"7";"random_map";"normal";"dark"
"black_forest";"2023/09/15 18:23:42";"5385.6";"3168";"259671525";"882,333333333333";"6";"875,333333333333";"889,333333333333";FALSE;"team_random_map";FALSE;"93001";"8";"random_map";"normal";"dark"
"migration";"2023/09/15 17:56:36";"2407.2";"1416";"259666731";"622,500000000000";"2";"600,000000000000";"645,000000000000";FALSE;"random_map";FALSE;"93001";"6";"random_map";"normal";"dark"
"migration";"2023/09/15 13:37:10";"4506.7";"2651";"259620009";"538,000000000000";"2";"488,000000000000";"588,000000000000";FALSE;"random_map";FALSE;"93001";"6";"random_map";"normal";"dark"
"migration";"2023/09/16 17:38:19";"635.8";"374";"259886061";"622,500000000000";"2";"627,000000000000";"618,000000000000";TRUE;"random_map";FALSE;"93001";"6";"random_map";"normal";"dark"
"migration";"2023/09/16 18:05:46";"3119.5";"1835";"259891248";"586,500000000000";"2";"571,000000000000";"602,000000000000";FALSE;"random_map";FALSE;"93001";"6";"random_map";"normal";"dark"
"migration";"2023/09/16 18:39:59";"409.7";"241";"259897800";"862,500000000000";"8";"863,250000000000";"861,750000000000";TRUE;"team_random_map";FALSE;"93001";"9";"random_map";"normal";"dark"
"nomad";"2023/09/03 19:25:10";"3379.6";"1988";"257336393";"915,166666666667";"6";"910,333333333333";"920,000000000000";FALSE;"team_random_map";FALSE;"87863";"8";"random_map";"normal";"dark"
"arabia";"2023/09/03 18:49:16";"2985.2";"1756";"257328067";"893,500000000000";"6";"894,666666666667";"892,333333333333";TRUE;"team_random_map";FALSE;"87863";"8";"random_map";"normal";"dark"
"coastal";"2023/08/27 19:30:11";"5224.1";"3073";"255893213";"943,333333333333";"6";"918,333333333333";"968,333333333333";FALSE;"team_random_map";FALSE;"87863";"8";"random_map";"normal";"dark"
"goldenpit";"2023/08/27 18:22:27";"2833.9";"1667";"255878155";"947,166666666667";"6";"978,000000000000";"916,333333333333";FALSE;"team_random_map";FALSE;"87863";"8";"random_map";"normal";"dark"
"fortress";"2023/08/27 18:53:20";"2495.6";"1468";"255884845";"896,333333333333";"6";"889,666666666667";"903,000000000000";FALSE;"team_random_map";FALSE;"87863";"8";"random_map";"normal";"dark"
"michi";"2023/08/27 12:00:29";"6363.1";"3743";"255803254";"945,500000000000";"8";"951,250000000000";"939,750000000000";FALSE;"team_random_map";FALSE;"87863";"9";"random_map";"normal";"dark"
"arabia";"2023/08/28 17:20:20";"727.6";"428";"256065955";"920,625000000000";"8";"924,750000000000";"916,500000000000";FALSE;"team_random_map";FALSE;"87863";"9";"random_map";"normal";"dark"
"michi";"2023/08/30 18:34:53";"5132.3";"3019";"256462571";"956,875000000000";"8";"974,000000000000";"939,750000000000";TRUE;"team_random_map";FALSE;"87863";"9";"random_map";"normal";"dark"
"arena";"2023/08/25 19:24:23";"3243.6";"1908";"255437182";"1015,625000000000";"8";"1007,000000000000";"1024,250000000000";FALSE;"team_random_map";FALSE;"87863";"9";"random_map";"normal";"dark"
"arena";"2023/08/25 18:58:50";"2111.4";"1242";"255432709";"1021,375000000000";"8";"1023,250000000000";"1019,500000000000";FALSE;"team_random_map";FALSE;"87863";"9";"random_map";"normal";"dark"
"arena";"2023/08/25 20:02:14";"4114";"2420";"255444168";"1022,625000000000";"8";"1032,750000000000";"1012,500000000000";FALSE;"team_random_map";FALSE;"87863";"9";"random_map";"normal";"dark"
"nomad";"2023/08/25 20:43:55";"1936.3";"1139";"255451805";"1056,666666666667";"6";"1067,333333333333";"1046,000000000000";FALSE;"team_random_map";FALSE;"87863";"8";"random_map";"normal";"dark"
"arena";"2023/08/26 10:22:30";"3238.5";"1905";"255564290";"1033,750000000000";"8";"1058,000000000000";"1009,500000000000";FALSE;"team_random_map";FALSE;"87863";"9";"random_map";"normal";"dark"
"arena";"2023/08/25 21:07:09";"3282.7";"1931";"255456163";"973,500000000000";"8";"986,750000000000";"960,250000000000";FALSE;"team_random_map";FALSE;"87863";"9";"random_map";"normal";"dark"
"arena";"2023/08/25 13:50:11";"3503.7";"2061";"255380816";"1012,125000000000";"8";"1016,750000000000";"1007,500000000000";FALSE;"team_random_map";FALSE;"87863";"9";"random_map";"normal";"dark"
"nomad";"2023/08/26 12:45:48";"2884.9";"1697";"255583391";"975,625000000000";"8";"977,000000000000";"974,250000000000";FALSE;"team_random_map";FALSE;"87863";"9";"random_map";"normal";"dark"
"arena";"2023/08/26 12:12:00";"2930.8";"1724";"255578239";"971,750000000000";"8";"961,500000000000";"982,000000000000";FALSE;"team_random_map";FALSE;"87863";"9";"random_map";"normal";"dark"
"fortress";"2023/08/26 15:48:51";"3233.4";"1902";"255617457";"943,833333333333";"6";"942,666666666667";"945,000000000000";FALSE;"team_random_map";FALSE;"87863";"8";"random_map";"normal";"dark"
"arena";"2023/08/25 13:03:15";"3218.1";"1893";"255373420";"1011,833333333333";"6";"1020,666666666667";"1003,000000000000";FALSE;"team_random_map";FALSE;"87863";"8";"random_map";"normal";"dark"
"arabia";"2023/08/24 20:15:45";"3379.6";"1988";"255259566";"944,333333333333";"6";"939,666666666667";"949,000000000000";FALSE;"team_random_map";FALSE;"87863";"8";"random_map";"normal";"dark"
"michi";"2023/08/24 19:29:08";"4284";"2520";"255251359";"955,666666666667";"6";"945,666666666667";"965,666666666667";FALSE;"team_random_map";FALSE;"87863";"8";"random_map";"normal";"dark"
"michi";"2023/08/25 11:13:24";"7508.9";"4417";"255360134";"1002,750000000000";"8";"1020,000000000000";"985,500000000000";FALSE;"team_random_map";FALSE;"87863";"9";"random_map";"normal";"dark"
"arena";"2023/08/26 15:29:16";"1671.1";"983";"255613638";"961,000000000000";"6";"960,333333333333";"961,666666666667";FALSE;"team_random_map";FALSE;"87863";"8";"random_map";"normal";"dark"
"michi";"2023/08/26 09:45:02";"3741.7";"2201";"255559959";"983,500000000000";"6";"993,333333333333";"973,666666666667";FALSE;"team_random_map";FALSE;"87863";"8";"random_map";"normal";"dark"
"lowland";"2023/08/13 19:35:29";"3292.9";"1937";"253103016";"934,333333333333";"6";"927,666666666667";"941,000000000000";FALSE;"team_random_map";FALSE;"87863";"8";"random_map";"normal";"dark"
"gold_rush";"2023/08/13 19:03:07";"2888.3";"1699";"253095554";"960,833333333333";"6";"956,333333333333";"965,333333333333";FALSE;"team_random_map";FALSE;"87863";"8";"random_map";"normal";"dark"
"lowland";"2023/08/13 18:32:44";"2221.9";"1307";"253088986";"941,500000000000";"6";"940,333333333333";"942,666666666667";FALSE;"team_random_map";FALSE;"87863";"8";"random_map";"normal";"dark"
"arena";"2023/08/15 19:40:10";"2754";"1620";"253500447";"977,000000000000";"8";"930,000000000000";"1024,000000000000";FALSE;"team_random_map";FALSE;"87863";"9";"random_map";"normal";"dark"
"lowland";"2023/08/15 20:10:10";"3134.8";"1844";"253506007";"1016,166666666667";"6";"1014,333333333333";"1018,000000000000";FALSE;"team_random_map";FALSE;"87863";"8";"random_map";"normal";"dark"
"arabia";"2023/08/12 17:55:00";"4659.7";"2741";"252848533";"981,833333333333";"6";"973,666666666667";"990,000000000000";FALSE;"team_random_map";FALSE;"87863";"8";"random_map";"normal";"dark"
"arena";"2023/08/11 19:04:40";"3134.8";"1844";"252636343";"1029,125000000000";"8";"1029,000000000000";"1029,250000000000";FALSE;"team_random_map";FALSE;"87863";"9";"random_map";"normal";"dark"
"arena";"2023/08/07 19:24:38";"3690.7";"2171";"251868823";"1001,000000000000";"6";"1003,333333333333";"998,666666666667";FALSE;"team_random_map";FALSE;"87863";"8";"random_map";"normal";"dark"
"arena";"2023/08/08 19:32:33";"3245.3";"1909";"252065530";"1002,250000000000";"8";"993,000000000000";"1011,500000000000";FALSE;"team_random_map";FALSE;"87863";"9";"random_map";"normal";"dark"
"nomad";"2023/08/12 08:24:57";"3814.8";"2244";"252756892";"972,166666666667";"6";"968,333333333333";"976,000000000000";FALSE;"team_random_map";FALSE;"87863";"8";"random_map";"normal";"dark"
"arena";"2023/08/02 13:25:12";"8766.9";"5157";"250731420";"998,250000000000";"8";"992,250000000000";"1004,250000000000";FALSE;"team_random_map";FALSE;"87863";"9";"random_map";"normal";"dark"
"african_clearing";"2023/08/02 17:58:11";"2985.2";"1756";"250777149";"1032,625000000000";"8";"1033,250000000000";"1032,000000000000";FALSE;"team_random_map";FALSE;"87863";"9";"random_map";"normal";"dark"
"african_clearing";"2023/08/02 20:08:16";"4668.2";"2746";"250801974";"987,625000000000";"8";"987,500000000000";"987,750000000000";FALSE;"team_random_map";FALSE;"87863";"9";"random_map";"normal";"dark"
"lombardia";"2023/07/30 06:59:14";"2963.1";"1743";"250060409";"924,666666666667";"6";"941,333333333333";"908,000000000000";TRUE;"team_random_map";FALSE;"87863";"8";"random_map";"normal";"dark"
"nomad";"2023/07/30 14:47:30";"3678.8";"2164";"250132343";"970,625000000000";"8";"964,750000000000";"976,500000000000";TRUE;"team_random_map";FALSE;"87863";"9";"random_map";"normal";"dark"
"arena";"2023/07/30 07:33:02";"5812.3";"3419";"250064480";"973,125000000000";"8";"965,750000000000";"980,500000000000";TRUE;"team_random_map";FALSE;"87863";"9";"random_map";"normal";"dark"
"oasis";"2023/07/31 08:51:15";"3265.7";"1921";"250308502";"1030,875000000000";"8";"1029,250000000000";"1032,500000000000";FALSE;"team_random_map";FALSE;"87863";"9";"random_map";"normal";"dark"
"nomad";"2023/07/31 20:06:42";"3887.9";"2287";"250408439";"980,166666666667";"6";"975,000000000000";"985,333333333333";FALSE;"team_random_map";FALSE;"87863";"8";"random_map";"normal";"dark"
"nomad";"2023/07/24 17:59:51";"4212.6";"2478";"248902714";"951,500000000000";"8";"943,750000000000";"959,250000000000";TRUE;"team_random_map";FALSE;"87863";"9";"random_map";"normal";"dark"
"arena";"2023/07/25 06:07:19";"3770.6";"2218";"249012855";"1012,666666666667";"6";"1000,000000000000";"1025,333333333333";TRUE;"team_random_map";FALSE;"87863";"8";"random_map";"normal";"dark"
"arabia";"2023/07/25 12:28:05";"3658.4";"2152";"249045969";"993,750000000000";"4";"1000,500000000000";"987,000000000000";TRUE;"team_random_map";FALSE;"87863";"7";"random_map";"normal";"dark"
"arena";"2023/07/25 14:12:48";"3192.6";"1878";"249061139";"989,125000000000";"8";"990,000000000000";"988,250000000000";TRUE;"team_random_map";FALSE;"87863";"9";"random_map";"normal";"dark"
"nomad";"2023/07/25 16:09:53";"4073.2";"2396";"249080628";"952,500000000000";"4";"949,500000000000";"955,500000000000";TRUE;"team_random_map";FALSE;"87863";"7";"random_map";"normal";"dark"
"land_nomad";"2023/07/25 16:02:57";"351.9";"207";"249079462";"1013,375000000000";"8";"999,500000000000";"1027,250000000000";FALSE;"team_random_map";FALSE;"87863";"9";"random_map";"normal";"dark"
"arena";"2023/07/25 18:06:49";"238";"140";"249099809";"988,875000000000";"8";"991,750000000000";"986,000000000000";TRUE;"team_random_map";FALSE;"87863";"9";"random_map";"normal";"dark"
"gold_rush";"2023/07/25 18:12:58";"5035.4";"2962";"249100920";"1015,875000000000";"8";"1018,500000000000";"1013,250000000000";TRUE;"team_random_map";FALSE;"87863";"9";"random_map";"normal";"dark"
"arena";"2023/07/26 13:22:36";"6060.5";"3565";"249251687";"1003,750000000000";"8";"1012,750000000000";"994,750000000000";TRUE;"team_random_map";FALSE;"87863";"9";"random_map";"normal";"dark"
"nomad";"2023/07/27 07:55:26";"2888.3";"1699";"249414183";"1062,666666666667";"6";"1054,000000000000";"1071,333333333333";TRUE;"team_random_map";FALSE;"87863";"8";"random_map";"normal";"dark"
"nomad";"2023/07/23 08:11:37";"3335.4";"1962";"248595409";"988,500000000000";"4";"981,500000000000";"995,500000000000";TRUE;"team_random_map";FALSE;"87863";"7";"random_map";"normal";"dark"
"arabia";"2023/07/23 08:52:47";"975.8";"574";"248600584";"968,500000000000";"4";"955,000000000000";"982,000000000000";TRUE;"team_random_map";FALSE;"87863";"7";"random_map";"normal";"dark"
"arabia";"2023/07/16 17:48:43";"2788";"1640";"247211056";"934,500000000000";"6";"927,333333333333";"941,666666666667";TRUE;"team_random_map";FALSE;"87863";"8";"random_map";"normal";"dark"
"megarandom";"2023/07/16 17:14:53";"3245.3";"1909";"247204153";"909,000000000000";"6";"910,666666666667";"907,333333333333";TRUE;"team_random_map";FALSE;"87863";"8";"random_map";"normal";"dark"
"arena";"2023/07/20 19:45:38";"2289.9";"1347";"248048661";"955,500000000000";"4";"955,500000000000";"955,500000000000";TRUE;"team_random_map";FALSE;"87863";"7";"random_map";"normal";"dark"
"arabia";"2023/07/20 20:10:21";"2201.5";"1295";"248053506";"934,000000000000";"6";"931,000000000000";"937,000000000000";FALSE;"team_random_map";FALSE;"87863";"8";"random_map";"normal";"dark"
"gold_rush";"2023/07/22 10:05:17";"4119.1";"2423";"248374660";"940,625000000000";"8";"935,500000000000";"945,750000000000";TRUE;"team_random_map";FALSE;"87863";"9";"random_map";"normal";"dark"
"gold_rush";"2023/07/22 10:56:41";"4068.1";"2393";"248381153";"953,625000000000";"8";"953,750000000000";"953,500000000000";TRUE;"team_random_map";FALSE;"87863";"9";"random_map";"normal";"dark"
"arena";"2023/07/09 09:48:40";"3012.4";"1772";"245596895";"964,166666666667";"6";"962,000000000000";"966,333333333333";TRUE;"team_random_map";FALSE;"87863";"8";"random_map";"normal";"dark"
"arena";"2023/07/09 06:38:11";"2529.6";"1488";"245572061";"969,666666666667";"6";"967,000000000000";"972,333333333333";TRUE;"team_random_map";FALSE;"87863";"8";"random_map";"normal";"dark"
"arena";"2023/07/09 07:07:55";"3320.1";"1953";"245575708";"928,750000000000";"4";"920,000000000000";"937,500000000000";TRUE;"team_random_map";FALSE;"87863";"7";"random_map";"normal";"dark"
"nomad";"2023/07/09 14:22:30";"2633.3";"1549";"245642342";"991,375000000000";"8";"992,750000000000";"990,000000000000";TRUE;"team_random_map";FALSE;"87863";"9";"random_map";"normal";"dark"
"nomad";"2023/07/09 14:15:36";"443.7";"261";"245640853";"973,833333333333";"6";"974,666666666667";"973,000000000000";TRUE;"team_random_map";FALSE;"87863";"8";"random_map";"normal";"dark"
"amazon_tunnel";"2023/07/11 12:52:25";"3158.6";"1858";"246059728";"991,833333333333";"6";"994,333333333333";"989,333333333333";TRUE;"team_random_map";FALSE;"87863";"8";"random_map";"normal";"dark"
"gold_rush";"2023/07/12 14:39:51";"2500.7";"1471";"246281807";"1013,000000000000";"6";"1011,333333333333";"1014,666666666667";TRUE;"team_random_map";FALSE;"87863";"8";"random_map";"normal";"dark"
"arabia";"2023/07/12 09:50:06";"3345.6";"1968";"246245187";"1000,000000000000";"4";"1002,500000000000";"997,500000000000";TRUE;"team_random_map";FALSE;"87863";"7";"random_map";"normal";"dark"
"arena";"2023/07/12 20:54:24";"1548.7";"911";"246350183";"964,833333333333";"6";"952,000000000000";"977,666666666667";TRUE;"team_random_map";FALSE;"87863";"8";"random_map";"normal";"dark"
"nomad";"2023/07/12 15:43:41";"1858.1";"1093";"246292618";"979,500000000000";"4";"992,000000000000";"967,000000000000";TRUE;"team_random_map";FALSE;"87863";"7";"random_map";"normal";"dark"
"nomad";"2023/07/12 21:11:49";"5570.9";"3277";"246353583";"948,500000000000";"4";"942,500000000000";"954,500000000000";TRUE;"team_random_map";FALSE;"87863";"7";"random_map";"normal";"dark"
"nomad";"2023/07/12 16:08:04";"3235.1";"1903";"246296557";"997,666666666667";"6";"998,666666666667";"996,666666666667";TRUE;"team_random_map";FALSE;"87863";"8";"random_map";"normal";"dark"
"nomad";"2023/07/13 08:13:42";"2995.4";"1762";"246439751";"950,666666666667";"6";"957,000000000000";"944,333333333333";TRUE;"team_random_map";FALSE;"87863";"8";"random_map";"normal";"dark"
"nomad";"2023/07/13 09:21:02";"2840.7";"1671";"246445238";"969,750000000000";"4";"967,500000000000";"972,000000000000";TRUE;"team_random_map";FALSE;"87863";"7";"random_map";"normal";"dark"
"megarandom";"2023/07/13 17:48:17";"1465.4";"862";"246516429";"938,375000000000";"8";"936,000000000000";"940,750000000000";TRUE;"team_random_map";FALSE;"87863";"9";"random_map";"normal";"dark"
"nomad";"2023/07/13 18:06:01";"2910.4";"1712";"246519412";"950,375000000000";"8";"953,500000000000";"947,250000000000";TRUE;"team_random_map";FALSE;"87863";"9";"random_map";"normal";"dark"
"nomad";"2023/07/14 06:15:25";"2128.4";"1252";"246632585";"926,250000000000";"4";"918,500000000000";"934,000000000000";TRUE;"team_random_map";FALSE;"87863";"7";"random_map";"normal";"dark"
"nomad";"2023/07/14 07:57:34";"4805.9";"2827";"246641296";"951,833333333333";"6";"949,666666666667";"954,000000000000";TRUE;"team_random_map";FALSE;"87863";"8";"random_map";"normal";"dark"
"arena";"2023/07/14 17:44:17";"1183.2";"696";"246723259";"920,125000000000";"8";"915,750000000000";"924,500000000000";TRUE;"team_random_map";FALSE;"87863";"9";"random_map";"normal";"dark"
"land_nomad";"2023/07/14 21:45:54";"4782.1";"2813";"246770476";"916,625000000000";"8";"910,000000000000";"923,250000000000";FALSE;"team_random_map";FALSE;"87863";"9";"random_map";"normal";"dark"
"arena";"2023/07/14 21:14:13";"2696.2";"1586";"246764222";"916,125000000000";"8";"921,250000000000";"911,000000000000";TRUE;"team_random_map";FALSE;"87863";"9";"random_map";"normal";"dark"
"nomad";"2023/07/14 20:44:08";"2696.2";"1586";"246758051";"929,625000000000";"8";"927,250000000000";"932,000000000000";FALSE;"team_random_map";FALSE;"87863";"9";"random_map";"normal";"dark"
"arena";"2023/07/15 08:39:14";"4178.6";"2458";"246868943";"956,833333333333";"6";"967,000000000000";"946,666666666667";TRUE;"team_random_map";FALSE;"87863";"8";"random_map";"normal";"dark"
"nomad";"2023/07/15 13:32:50";"3396.6";"1998";"246909703";"985,000000000000";"6";"986,000000000000";"984,000000000000";TRUE;"team_random_map";FALSE;"87863";"8";"random_map";"normal";"dark"
"arena";"2023/07/15 19:38:57";"2811.8";"1654";"246985185";"958,500000000000";"6";"958,000000000000";"959,000000000000";TRUE;"team_random_map";FALSE;"87863";"8";"random_map";"normal";"dark"
"megarandom";"2023/07/15 18:29:45";"1348.1";"793";"246970416";"952,000000000000";"4";"948,500000000000";"955,500000000000";TRUE;"team_random_map";FALSE;"87863";"7";"random_map";"normal";"dark"
"nomad";"2023/07/15 18:46:26";"4124.2";"2426";"246973856";"953,833333333333";"6";"956,000000000000";"951,666666666667";TRUE;"team_random_map";FALSE;"87863";"8";"random_map";"normal";"dark"
"nomad";"2023/07/07 20:17:05";"3423.8";"2014";"245225462";"1001,500000000000";"4";"978,500000000000";"1024,500000000000";TRUE;"team_random_map";FALSE;"87863";"7";"random_map";"normal";"dark"
"nomad";"2023/07/08 10:18:00";"2867.9";"1687";"245355588";"989,166666666667";"6";"980,333333333333";"998,000000000000";TRUE;"team_random_map";FALSE;"87863";"8";"random_map";"normal";"dark"
"nomad";"2023/07/08 06:29:08";"418.2";"246";"245327163";"931,125000000000";"8";"914,000000000000";"948,250000000000";TRUE;"team_random_map";FALSE;"87863";"9";"random_map";"normal";"dark"
"nomad";"2023/07/08 11:40:23";"2142";"1260";"245366250";"906,250000000000";"4";"882,500000000000";"930,000000000000";TRUE;"team_random_map";FALSE;"87863";"7";"random_map";"normal";"dark"
"nomad";"2023/07/08 06:37:09";"5421.3";"3189";"245328317";"870,750000000000";"4";"888,000000000000";"853,500000000000";TRUE;"team_random_map";FALSE;"87863";"7";"random_map";"normal";"dark"
"arabia";"2023/07/08 07:44:19";"3267.4";"1922";"245336448";"953,875000000000";"8";"955,250000000000";"952,500000000000";FALSE;"team_random_map";FALSE;"87863";"9";"random_map";"normal";"dark"
"scandanavia";"2023/07/08 16:10:31";"1691.5";"995";"245417192";"929,750000000000";"4";"925,000000000000";"934,500000000000";TRUE;"team_random_map";FALSE;"87863";"7";"random_map";"normal";"dark"
"arena";"2023/06/25 12:35:09";"4039.2";"2376";"242641165";"990,375000000000";"8";"978,250000000000";"1002,500000000000";TRUE;"team_random_map";FALSE;"83607";"9";"random_map";"normal";"dark"
"michi";"2023/06/25 08:46:06";"3286.1";"1933";"242611332";"965,500000000000";"4";"958,000000000000";"973,000000000000";TRUE;"team_random_map";FALSE;"83607";"7";"random_map";"normal";"dark"
"arabia";"2023/06/25 16:39:46";"433.5";"255";"242688255";"963,000000000000";"6";"962,333333333333";"963,666666666667";TRUE;"team_random_map";FALSE;"83607";"8";"random_map";"normal";"dark"
"black_forest";"2023/06/25 20:30:10";"3525.8";"2074";"242737808";"953,250000000000";"4";"953,000000000000";"953,500000000000";TRUE;"team_random_map";FALSE;"83607";"7";"random_map";"normal";"dark"
"black_forest";"2023/06/25 16:43:17";"5999.3";"3529";"242688936";"940,833333333333";"6";"933,666666666667";"948,000000000000";TRUE;"team_random_map";FALSE;"83607";"8";"random_map";"normal";"dark"
"hideout";"2023/06/27 21:30:26";"4051.1";"2383";"243138145";"917,833333333333";"6";"914,666666666667";"921,000000000000";TRUE;"team_random_map";FALSE;"83607";"8";"random_map";"normal";"dark"
"coastal";"2023/06/18 06:55:39";"2623.1";"1543";"241163273";"890,000000000000";"2";"866,000000000000";"914,000000000000";TRUE;"random_map";TRUE;"83607";"6";"random_map";"normal";"dark"
"nomad";"2023/06/18 08:17:35";"195.5";"115";"241172781";"1076,625000000000";"8";"1090,250000000000";"1063,000000000000";TRUE;"team_random_map";FALSE;"83607";"9";"random_map";"normal";"dark"
"black_forest";"2023/06/18 11:07:49";"5271.7";"3101";"241194161";"1036,166666666667";"6";"1051,000000000000";"1021,333333333333";TRUE;"team_random_map";FALSE;"83607";"8";"random_map";"normal";"dark"
"arena";"2023/06/18 08:21:31";"3139.9";"1847";"241173354";"1002,750000000000";"4";"978,000000000000";"1027,500000000000";TRUE;"team_random_map";FALSE;"83607";"7";"random_map";"normal";"dark"
"hideout";"2023/06/22 20:14:46";"2094.4";"1232";"242078835";"1047,000000000000";"4";"1043,000000000000";"1051,000000000000";TRUE;"team_random_map";FALSE;"83607";"7";"random_map";"normal";"dark"
"megarandom";"2023/06/23 07:45:43";"1470.5";"865";"242169690";"841,500000000000";"2";"799,000000000000";"884,000000000000";TRUE;"random_map";FALSE;"83607";"6";"random_map";"normal";"dark"
"arabia";"2023/06/23 10:44:25";"2553.4";"1502";"242186278";"906,500000000000";"2";"896,000000000000";"917,000000000000";TRUE;"random_map";FALSE;"83607";"6";"random_map";"normal";"dark"
"arabia";"2023/06/23 19:56:25";"2553.4";"1502";"242272341";"1046,500000000000";"4";"1051,000000000000";"1042,000000000000";TRUE;"team_random_map";FALSE;"83607";"7";"random_map";"normal";"dark"
"baltic";"2023/06/23 18:33:25";"1368.5";"805";"242257063";"1053,750000000000";"4";"1050,500000000000";"1057,000000000000";TRUE;"team_random_map";FALSE;"83607";"7";"random_map";"normal";"dark"
"hideout";"2023/06/23 19:22:58";"3435.7";"2021";"242265890";"1066,875000000000";"8";"1068,500000000000";"1065,250000000000";TRUE;"team_random_map";FALSE;"83607";"9";"random_map";"normal";"dark"
"black_forest";"2023/06/24 09:56:22";"877.2";"516";"242396388";"984,500000000000";"8";"952,250000000000";"1016,750000000000";TRUE;"team_random_map";FALSE;"83607";"9";"random_map";"normal";"dark"
"arabia";"2023/06/24 16:30:39";"1936.3";"1139";"242458265";"1008,500000000000";"8";"1004,000000000000";"1013,000000000000";FALSE;"team_random_map";FALSE;"83607";"9";"random_map";"normal";"dark"
"arena";"2023/06/24 19:39:10";"3802.9";"2237";"242492759";"996,000000000000";"8";"995,000000000000";"997,000000000000";TRUE;"team_random_map";FALSE;"83607";"9";"random_map";"normal";"dark"
"arena";"2023/06/24 20:18:23";"3784.2";"2226";"242500841";"968,125000000000";"8";"965,750000000000";"970,500000000000";TRUE;"team_random_map";FALSE;"83607";"9";"random_map";"normal";"dark"
"black_forest";"2023/06/24 16:54:00";"477.7";"281";"242462246";"976,375000000000";"8";"976,750000000000";"976,000000000000";TRUE;"team_random_map";FALSE;"83607";"9";"random_map";"normal";"dark"
"arena";"2023/06/11 10:48:26";"2743.8";"1614";"239789950";"971,375000000000";"8";"965,250000000000";"977,500000000000";TRUE;"team_random_map";FALSE;"83607";"9";"random_map";"normal";"dark"
"african_clearing";"2023/06/11 12:00:04";"4175.2";"2456";"239800085";"977,500000000000";"8";"974,000000000000";"981,000000000000";TRUE;"team_random_map";FALSE;"83607";"9";"random_map";"normal";"dark"
"african_clearing";"2023/06/11 17:39:27";"45.9";"27";"239868835";"1021,666666666667";"6";"1014,000000000000";"1029,333333333333";TRUE;"team_random_map";FALSE;"83607";"8";"random_map";"normal";"dark"
"amazon_tunnel";"2023/06/11 17:35:48";"130.9";"77";"239868061";"989,500000000000";"6";"984,666666666667";"994,333333333333";TRUE;"team_random_map";FALSE;"83607";"8";"random_map";"normal";"dark"
"african_clearing";"2023/06/11 17:44:22";"3889.6";"2288";"239869947";"1027,250000000000";"8";"1034,500000000000";"1020,000000000000";TRUE;"team_random_map";FALSE;"83607";"9";"random_map";"normal";"dark"
"amazon_tunnel";"2023/06/12 12:25:15";"6643.6";"3908";"240029659";"1017,500000000000";"6";"1026,333333333333";"1008,666666666667";TRUE;"team_random_map";FALSE;"83607";"8";"random_map";"normal";"dark"
"oasis";"2023/06/12 17:05:08";"2752.3";"1619";"240071080";"1113,833333333333";"6";"1112,000000000000";"1115,666666666667";TRUE;"team_random_map";FALSE;"83607";"8";"random_map";"normal";"dark"
"nomad";"2023/06/12 16:15:46";"5984";"3520";"240063206";"1064,375000000000";"8";"1043,250000000000";"1085,500000000000";TRUE;"team_random_map";FALSE;"83607";"9";"random_map";"normal";"dark"
"amazon_tunnel";"2023/06/12 16:42:52";"389.3";"229";"240067476";"1049,666666666667";"6";"1048,333333333333";"1051,000000000000";TRUE;"team_random_map";FALSE;"83607";"8";"random_map";"normal";"dark"
"arabia";"2023/06/12 16:53:20";"710.6";"418";"240069205";"1069,666666666667";"6";"1073,333333333333";"1066,000000000000";TRUE;"team_random_map";FALSE;"83607";"8";"random_map";"normal";"dark"
"arabia";"2023/06/16 20:03:11";"2279.7";"1341";"240833044";"1085,000000000000";"8";"1102,750000000000";"1067,250000000000";FALSE;"team_random_map";FALSE;"83607";"9";"random_map";"normal";"dark"
"michi";"2023/06/16 20:27:20";"4040.9";"2377";"240837853";"1040,875000000000";"8";"1044,000000000000";"1037,750000000000";TRUE;"team_random_map";FALSE;"83607";"9";"random_map";"normal";"dark"
"yucatan";"2023/06/16 15:21:32";"4159.9";"2447";"240784167";"1114,166666666667";"6";"1116,666666666667";"1111,666666666667";TRUE;"team_random_map";FALSE;"83607";"8";"random_map";"normal";"dark"
"arabia";"2023/06/17 08:23:08";"1927.8";"1134";"240943526";"867,000000000000";"2";"866,000000000000";"868,000000000000";TRUE;"random_map";FALSE;"83607";"6";"random_map";"normal";"dark"
"baltic";"2023/06/17 19:42:37";"3546.2";"2086";"241057364";"1010,500000000000";"4";"1000,500000000000";"1020,500000000000";TRUE;"team_random_map";FALSE;"83607";"7";"random_map";"normal";"dark"
"arena";"2023/06/17 18:48:32";"2869.6";"1688";"241046323";"886,500000000000";"2";"882,000000000000";"891,000000000000";TRUE;"random_map";FALSE;"83607";"6";"random_map";"normal";"dark"
"amazon_tunnel";"2023/06/04 11:47:40";"3835.2";"2256";"238305575";"978,625000000000";"8";"976,500000000000";"980,750000000000";TRUE;"team_random_map";FALSE;"83607";"9";"random_map";"normal";"dark"
"arabia";"2023/06/09 19:55:47";"3503.7";"2061";"239414682";"872,333333333333";"6";"863,333333333333";"881,333333333333";TRUE;"team_random_map";FALSE;"83607";"8";"random_map";"normal";"dark"
"oasis";"2023/06/09 19:06:45";"4471";"2630";"239404441";"895,166666666667";"6";"897,333333333333";"893,000000000000";TRUE;"team_random_map";FALSE;"83607";"8";"random_map";"normal";"dark"
"nomad";"2023/06/09 21:21:33";"3928.7";"2311";"239433367";"908,166666666667";"6";"903,000000000000";"913,333333333333";TRUE;"team_random_map";FALSE;"83607";"8";"random_map";"normal";"dark"
"northern_isles";"2023/06/09 20:36:39";"3998.4";"2352";"239423648";"903,666666666667";"6";"896,333333333333";"911,000000000000";TRUE;"team_random_map";FALSE;"83607";"8";"random_map";"normal";"dark"
"baltic";"2023/06/09 18:12:20";"1548.7";"911";"239394144";"599,000000000000";"2";"594,000000000000";"604,000000000000";TRUE;"random_map";FALSE;"83607";"6";"random_map";"normal";"dark"
"amazon_tunnel";"2023/06/10 10:44:35";"2930.8";"1724";"239550828";"1017,375000000000";"8";"1014,000000000000";"1020,750000000000";TRUE;"team_random_map";FALSE;"83607";"9";"random_map";"normal";"dark"
"amazon_tunnel";"2023/06/10 07:57:36";"2497.3";"1469";"239530571";"990,875000000000";"8";"990,250000000000";"991,500000000000";TRUE;"team_random_map";FALSE;"83607";"9";"random_map";"normal";"dark"
"arena";"2023/06/10 12:20:30";"4165";"2450";"239564388";"956,000000000000";"6";"953,000000000000";"959,000000000000";TRUE;"team_random_map";FALSE;"83607";"8";"random_map";"normal";"dark"
"black_forest";"2023/06/10 19:24:52";"3017.5";"1775";"239649764";"1001,833333333333";"6";"1002,666666666667";"1001,000000000000";TRUE;"team_random_map";FALSE;"83607";"8";"random_map";"normal";"dark"
"oasis";"2023/06/10 19:58:51";"2718.3";"1599";"239655873";"1006,875000000000";"8";"997,000000000000";"1016,750000000000";TRUE;"team_random_map";FALSE;"83607";"9";"random_map";"normal";"dark"
"arabia";"2023/06/02 18:42:30";"2317.1";"1363";"237888587";"959,500000000000";"2";"952,000000000000";"967,000000000000";TRUE;"random_map";FALSE;"83607";"6";"random_map";"normal";"dark"
"oasis";"2023/06/03 21:52:15";"7444.3";"4379";"238177351";"967,125000000000";"8";"967,000000000000";"967,250000000000";TRUE;"team_random_map";FALSE;"83607";"9";"random_map";"normal";"dark"
"black_forest";"2023/05/29 10:09:35";"3439.1";"2023";"236959141";"967,375000000000";"8";"961,000000000000";"973,750000000000";TRUE;"team_random_map";FALSE;"83607";"9";"random_map";"normal";"dark"
"arena";"2023/05/29 19:48:11";"3357.5";"1975";"237068991";"918,333333333333";"6";"913,666666666667";"923,000000000000";TRUE;"team_random_map";FALSE;"83607";"8";"random_map";"normal";"dark"
"oasis";"2023/06/03 21:42:43";"646";"380";"238175258";"976,666666666667";"6";"973,666666666667";"979,666666666667";TRUE;"team_random_map";FALSE;"83607";"8";"random_map";"normal";"dark"
"arabia";"2023/05/23 19:28:13";"2507.5";"1475";"235676372";"946,500000000000";"2";"942,000000000000";"951,000000000000";TRUE;"random_map";FALSE;"83607";"6";"random_map";"normal";"dark"
"megarandom";"2023/05/23 17:18:02";"3241.9";"1907";"235650559";"948,166666666667";"6";"941,666666666667";"954,666666666667";TRUE;"team_random_map";FALSE;"83607";"8";"random_map";"normal";"dark"
"black_forest";"2023/05/24 06:11:27";"2150.5";"1265";"235776510";"973,000000000000";"6";"972,333333333333";"973,666666666667";TRUE;"team_random_map";FALSE;"83607";"8";"random_map";"normal";"dark"
"nomad";"2023/05/26 06:13:40";"3168.8";"1864";"236197880";"980,750000000000";"8";"982,500000000000";"979,000000000000";TRUE;"team_random_map";FALSE;"83607";"9";"random_map";"normal";"dark"
"nomad";"2023/05/26 13:48:23";"2878.1";"1693";"236247953";"949,166666666667";"6";"950,333333333333";"948,000000000000";TRUE;"team_random_map";FALSE;"83607";"8";"random_map";"normal";"dark"
"black_forest";"2023/05/26 19:48:55";"3073.6";"1808";"236316197";"933,500000000000";"6";"942,666666666667";"924,333333333333";TRUE;"team_random_map";FALSE;"83607";"8";"random_map";"normal";"dark"
"nomad";"2023/05/26 20:43:32";"4119.1";"2423";"236329630";"968,000000000000";"6";"972,000000000000";"964,000000000000";TRUE;"team_random_map";FALSE;"83607";"8";"random_map";"normal";"dark"
"arabia";"2023/05/27 05:53:03";"2135.2";"1256";"236428875";"922,333333333333";"6";"899,000000000000";"945,666666666667";TRUE;"team_random_map";FALSE;"83607";"8";"random_map";"normal";"dark"
"arena";"2023/05/27 05:22:14";"2845.8";"1674";"236424351";"923,833333333333";"6";"920,333333333333";"927,333333333333";TRUE;"team_random_map";FALSE;"83607";"8";"random_map";"normal";"dark"
"nomad";"2023/05/27 07:13:00";"3415.3";"2009";"236439358";"948,000000000000";"6";"960,333333333333";"935,666666666667";TRUE;"team_random_map";FALSE;"83607";"8";"random_map";"normal";"dark"
"mega_random";"2023/05/14 19:08:19";"4469.3";"2629";"233565849";"876,250000000000";"8";"872,250000000000";"880,250000000000";TRUE;"team_random_map";FALSE;"82587";"9";"random_map";"normal";"dark"
"amazon_tunnel";"2023/05/15 18:56:13";"8671.7";"5101";"233779405";"941,500000000000";"8";"941,750000000000";"941,250000000000";TRUE;"team_random_map";FALSE;"82587";"9";"random_map";"normal";"dark"
"mediterranean";"2023/05/15 14:03:15";"4442.1";"2613";"233725186";"907,333333333333";"6";"910,000000000000";"904,666666666667";TRUE;"team_random_map";FALSE;"82587";"8";"random_map";"normal";"dark"
"black_forest";"2023/05/17 06:40:45";"3893";"2290";"234121023";"890,125000000000";"8";"895,750000000000";"884,500000000000";TRUE;"team_random_map";FALSE;"83607";"9";"random_map";"normal";"dark"
"arena";"2023/05/17 19:23:41";"2701.3";"1589";"234238004";"872,333333333333";"6";"861,333333333333";"883,333333333333";TRUE;"team_random_map";FALSE;"83607";"8";"random_map";"normal";"dark"
"arena";"2023/05/18 05:54:07";"831.3";"489";"234345735";"884,333333333333";"6";"856,666666666667";"912,000000000000";FALSE;"team_random_map";FALSE;"83607";"8";"random_map";"normal";"dark"
"scandanavia";"2023/05/18 18:19:34";"3925.3";"2309";"234454891";"879,375000000000";"8";"881,500000000000";"877,250000000000";TRUE;"team_random_map";FALSE;"83607";"9";"random_map";"normal";"dark"
"arabia";"2023/05/08 10:10:05";"3583.6";"2108";"232111419";"916,333333333333";"6";"920,333333333333";"912,333333333333";FALSE;"team_random_map";FALSE;"82587";"8";"random_map";"normal";"dark"
"arabia";"2023/05/08 06:32:23";"3938.9";"2317";"232092162";"968,666666666667";"6";"989,000000000000";"948,333333333333";FALSE;"team_random_map";FALSE;"82587";"8";"random_map";"normal";"dark"
"black_forest";"2023/05/08 10:53:05";"3904.9";"2297";"232115893";"1016,375000000000";"8";"1005,250000000000";"1027,500000000000";FALSE;"team_random_map";FALSE;"82587";"9";"random_map";"normal";"dark"
"black_forest";"2023/05/07 09:06:36";"3830.1";"2253";"231845109";"957,250000000000";"8";"961,500000000000";"953,000000000000";TRUE;"team_random_map";FALSE;"82587";"9";"random_map";"normal";"dark"
"amazon_tunnel";"2023/05/07 17:35:06";"8877.4";"5222";"231947012";"903,750000000000";"8";"900,250000000000";"907,250000000000";TRUE;"team_random_map";FALSE;"82587";"9";"random_map";"normal";"dark"
"amazon_tunnel";"2023/05/07 17:26:00";"443.7";"261";"231944830";"946,500000000000";"6";"948,000000000000";"945,000000000000";TRUE;"team_random_map";FALSE;"82587";"8";"random_map";"normal";"dark"
"amazon_tunnel";"2023/05/07 14:32:21";"3682.2";"2166";"231904371";"978,000000000000";"6";"973,333333333333";"982,666666666667";TRUE;"team_random_map";FALSE;"82587";"8";"random_map";"normal";"dark"
"arena";"2023/05/07 17:31:19";"146.2";"86";"231946033";"953,000000000000";"6";"942,666666666667";"963,333333333333";TRUE;"team_random_map";FALSE;"82587";"8";"random_map";"normal";"dark"
"arena";"2023/05/07 17:21:49";"117.3";"69";"231943875";"981,875000000000";"8";"989,500000000000";"974,250000000000";TRUE;"team_random_map";FALSE;"82587";"9";"random_map";"normal";"dark"
"mega_random";"2023/05/08 15:24:31";"3092.3";"1819";"232159246";"953,375000000000";"8";"956,250000000000";"950,500000000000";TRUE;"team_random_map";FALSE;"82587";"9";"random_map";"normal";"dark"
"arena";"2023/05/08 17:54:21";"4360.5";"2565";"232188567";"933,250000000000";"8";"937,750000000000";"928,750000000000";TRUE;"team_random_map";FALSE;"82587";"9";"random_map";"normal";"dark"
"mega_random";"2023/05/09 05:49:40";"4389.4";"2582";"232310976";"987,625000000000";"8";"995,250000000000";"980,000000000000";TRUE;"team_random_map";FALSE;"82587";"9";"random_map";"normal";"dark"
"highland";"2023/05/08 19:24:25";"2097.8";"1234";"232209060";"928,500000000000";"2";"921,000000000000";"936,000000000000";TRUE;"random_map";FALSE;"82587";"6";"random_map";"normal";"dark"
"mediterranean";"2023/05/09 18:58:12";"3014.1";"1773";"232415173";"962,750000000000";"8";"957,250000000000";"968,250000000000";TRUE;"team_random_map";FALSE;"82587";"9";"random_map";"normal";"dark"
"amazon_tunnel";"2023/05/09 18:24:04";"3400";"2000";"232408300";"989,250000000000";"8";"1001,000000000000";"977,500000000000";TRUE;"team_random_map";FALSE;"82587";"9";"random_map";"normal";"dark"
"gold_rush";"2023/05/12 20:16:44";"3738.3";"2199";"233059629";"919,833333333333";"6";"914,666666666667";"925,000000000000";TRUE;"team_random_map";FALSE;"82587";"8";"random_map";"normal";"dark"
"arena";"2023/05/10 18:03:07";"2466.7";"1451";"232610257";"946,000000000000";"6";"945,000000000000";"947,000000000000";TRUE;"team_random_map";FALSE;"82587";"8";"random_map";"normal";"dark"
"mediterranean";"2023/05/12 21:36:43";"4617.2";"2716";"233078598";"879,833333333333";"6";"883,333333333333";"876,333333333333";TRUE;"team_random_map";FALSE;"82587";"8";"random_map";"normal";"dark"
"mega_random";"2023/05/11 16:37:28";"4658";"2740";"232799132";"888,125000000000";"8";"889,250000000000";"887,000000000000";TRUE;"team_random_map";FALSE;"82587";"9";"random_map";"normal";"dark"
"amazon_tunnel";"2023/05/12 20:56:59";"3337.1";"1963";"233069319";"903,166666666667";"6";"899,000000000000";"907,333333333333";TRUE;"team_random_map";FALSE;"82587";"8";"random_map";"normal";"dark"
"arabia";"2023/05/13 07:52:31";"3418.7";"2011";"233179448";"817,666666666667";"6";"797,000000000000";"838,333333333333";TRUE;"team_random_map";FALSE;"82587";"8";"random_map";"normal";"dark"
"arena";"2023/05/13 06:35:21";"3646.5";"2145";"233169468";"855,833333333333";"6";"873,666666666667";"838,000000000000";TRUE;"team_random_map";FALSE;"82587";"8";"random_map";"normal";"dark"
"black_forest";"2023/05/13 20:13:29";"5825.9";"3427";"233317072";"817,500000000000";"8";"805,250000000000";"829,750000000000";TRUE;"team_random_map";FALSE;"82587";"9";"random_map";"normal";"dark"
"nomad";"2023/05/13 19:30:35";"2776.1";"1633";"233307226";"801,750000000000";"8";"787,500000000000";"816,000000000000";TRUE;"team_random_map";FALSE;"82587";"9";"random_map";"normal";"dark"
